fips,3rd Party Effect direction
1001,-0.4
1003,-0.4
1005,-0.23
1007,-0.33
1009,-0.44
1011,-0.02
1013,-0.23
1015,-0.35
1017,-0.26
1019,-0.35
1021,-0.42
1023,-0.18
1025,-0.26
1027,-0.38
1029,-0.45
1031,-0.45
1033,-0.21
1035,0.01
1037,-0.25
1039,-0.44
1041,-0.3
1043,-0.41
1045,-0.4
1047,0.13
1049,-0.4
1051,-0.39
1053,-0.33
1055,-0.35
1057,-0.39
1059,-0.19
1061,-0.42
1063,0.03
1065,-0.03
1067,-0.35
1069,-0.45
1071,-0.37
1073,-0.26
1075,-0.36
1077,-0.35
1079,-0.29
1081,-0.37
1083,-0.41
1085,0
1087,0.02
1089,-0.34
1091,0.11
1093,-0.37
1095,-0.4
1097,-0.29
1099,-0.24
1101,-0.19
1103,-0.4
1105,0.06
1107,-0.17
1109,-0.3
1111,-0.29
1113,-0.1
1115,-0.45
1117,-0.48
1119,0.08
1121,-0.27
1123,-0.32
1125,-0.33
1127,-0.33
1129,-0.11
1131,0.04
1133,-0.37
4001,0.1
4003,-0.07
4005,0.17
4007,-0.05
4009,-0.19
4011,0.05
4012,-0.02
4013,-0.04
4015,-0.11
4017,-0.09
4019,0.04
4021,-0.01
4023,0.11
4025,-0.14
4027,-0.07
5001,-0.42
5003,0.04
5005,-0.36
5007,-0.48
5009,-0.42
5011,-0.33
5013,0.07
5017,-0.05
5019,-0.3
5021,0.07
5023,-0.5
5025,-0.41
5027,-0.36
5029,-0.11
5031,-0.39
5033,-0.48
5035,-0.12
5037,-0.34
5039,0.06
5041,0.12
5043,-0.22
5045,-0.41
5047,-0.4
5049,-0.09
5051,-0.38
5053,-0.45
5055,-0.4
5057,-0.41
5059,-0.29
5061,-0.4
5063,-0.43
5065,-0.33
5067,-0.27
5069,-0.01
5071,-0.28
5073,-0.21
5075,-0.01
5077,-0.12
5079,-0.28
5081,-0.14
5083,-0.37
5085,-0.49
5087,0.01
5089,-0.38
5091,-0.47
5093,-0.26
5095,0.1
5097,-0.37
5099,-0.08
5101,-0.45
5103,-0.22
5105,-0.18
5107,0.1
5109,-0.39
5111,-0.38
5113,-0.45
5115,-0.42
5117,-0.18
5119,-0.26
5121,-0.29
5125,-0.47
5127,-0.36
5129,-0.45
5131,-0.41
5133,-0.37
5135,-0.35
5137,-0.3
5139,-0.05
5141,-0.34
5143,-0.26
5145,-0.5
5147,0.09
5149,-0.29
6001,0.37
6003,0.27
6005,0.14
6007,0.27
6009,0.15
6011,0.13
6013,0.23
6015,0.25
6017,0.14
6019,0.12
6021,0.1
6023,0.47
6025,0.18
6027,0.2
6029,0.08
6031,0.08
6033,0.29
6035,0.09
6037,0.29
6039,0.1
6041,0.3
6043,0.14
6045,0.45
6047,0.18
6049,0.08
6051,0.25
6053,0.24
6055,0.21
6057,0.3
6059,0.15
6061,0.12
6063,0.18
6065,0.15
6067,0.22
6069,0.2
6071,0.18
6073,0.21
6075,0.39
6077,0.17
6079,0.19
6081,0.26
6083,0.26
6085,0.23
6087,0.43
6089,0.12
6091,0.2
6093,0.22
6095,0.25
6097,0.33
6099,0.18
6101,0.12
6103,0.13
6105,0.27
6107,0.09
6109,0.16
6111,0.2
6113,0.32
6115,0.17
8001,0.61
8003,0.65
8005,0.53
8007,0.65
8009,0.48
8011,0.48
8013,0.64
8014,0.64
8015,0.66
8017,0.44
8019,0.56
8021,0.41
8023,0.26
8025,0.52
8027,0.57
8029,0.7
8031,0.55
8033,0.73
8035,0.5
8037,0.64
8039,0.62
8041,0.61
8043,0.58
8045,0.63
8047,0.7
8049,0.67
8051,0.77
8053,0.77
8055,0.62
8057,0.44
8059,0.6
8061,0.29
8063,0.59
8065,0.76
8067,0.64
8069,0.67
8071,0.57
8073,0.41
8075,0.48
8077,0.58
8079,0.61
8081,0.57
8083,0.68
8085,0.55
8087,0.55
8089,0.55
8091,0.64
8093,0.66
8095,0.62
8097,0.55
8099,0.31
8101,0.48
8103,0.69
8105,0.56
8107,0.64
8109,0.82
8111,0.71
8113,0.79
8115,0.38
8117,0.6
8119,0.63
8121,0.55
8123,0.61
8125,0.42
9001,-0.03
9003,0.26
9005,0.03
9009,0.37
9011,0.39
9013,0.09
9015,0.38
10001,0.04
10003,0.12
10005,-0.02
12001,0.06
12003,-0.19
12005,-0.27
12007,-0.15
12009,-0.2
12011,-0.01
12013,-0.02
12015,-0.19
12017,-0.18
12019,-0.31
12021,-0.33
12023,-0.2
12027,-0.06
12029,-0.05
12031,-0.15
12033,-0.24
12035,-0.15
12037,0.03
12039,0.05
12041,-0.16
12043,-0.06
12045,-0.15
12047,0.03
12049,-0.2
12051,-0.14
12053,-0.13
12055,-0.24
12057,-0.14
12059,-0.2
12061,-0.26
12063,-0.06
12065,-0.02
12067,0.01
12069,-0.23
12071,-0.25
12073,0
12075,-0.13
12077,0.19
12079,-0.01
12081,-0.21
12083,-0.17
12085,-0.25
12086,-0.26
12087,-0.05
12089,-0.28
12091,-0.35
12093,-0.12
12095,-0.11
12097,-0.08
12099,-0.07
12101,-0.16
12103,-0.1
12105,-0.2
12107,-0.05
12109,-0.28
12111,-0.07
12113,-0.34
12115,-0.18
12117,-0.2
12119,-0.27
12121,-0.13
12123,-0.02
12125,-0.07
12127,-0.11
12129,-0.1
12131,-0.29
12133,-0.22
13001,-0.44
13003,-0.22
13005,-0.38
13007,-0.15
13009,-0.2
13011,-0.42
13013,-0.42
13015,-0.37
13017,-0.22
13019,-0.33
13021,-0.21
13023,-0.42
13025,-0.4
13027,-0.25
13029,-0.41
13031,-0.34
13033,-0.27
13035,-0.35
13037,-0.16
13039,-0.3
13043,-0.33
13045,-0.36
13047,-0.42
13049,-0.34
13051,-0.21
13053,-0.19
13055,-0.3
13057,-0.46
13059,0.02
13061,-0.17
13063,0.03
13065,-0.34
13067,-0.31
13069,-0.29
13071,-0.36
13073,-0.44
13075,-0.27
13077,-0.41
13079,-0.3
13081,-0.3
13083,-0.43
13085,-0.45
13087,-0.26
13089,0
13091,-0.34
13093,-0.19
13095,-0.12
13097,-0.21
13099,-0.24
13101,-0.28
13103,-0.45
13105,-0.33
13107,-0.34
13109,-0.4
13111,-0.34
13113,-0.39
13115,-0.37
13117,-0.47
13119,-0.43
13121,-0.14
13123,-0.36
13125,-0.34
13127,-0.34
13129,-0.36
13131,-0.34
13133,-0.4
13135,-0.3
13137,-0.44
13139,-0.46
13141,-0.02
13143,-0.39
13145,-0.44
13147,-0.39
13149,-0.32
13151,-0.25
13153,-0.36
13155,-0.29
13157,-0.44
13159,-0.35
13161,-0.39
13163,-0.2
13165,-0.28
13167,-0.3
13169,-0.3
13171,-0.35
13173,-0.26
13175,-0.35
13177,-0.34
13179,-0.13
13181,-0.36
13183,-0.25
13185,-0.27
13187,-0.41
13189,-0.35
13191,-0.24
13193,-0.15
13195,-0.37
13197,-0.19
13199,-0.28
13201,-0.28
13205,-0.21
13207,-0.42
13209,-0.36
13211,-0.41
13213,-0.3
13215,-0.21
13217,-0.23
13219,-0.45
13221,-0.32
13223,-0.39
13225,-0.27
13227,-0.41
13229,-0.51
13231,-0.45
13233,-0.3
13235,-0.33
13237,-0.35
13239,-0.21
13241,-0.37
13243,-0.14
13245,-0.17
13247,-0.16
13249,-0.43
13251,-0.28
13253,-0.28
13255,-0.34
13257,-0.43
13259,-0.13
13261,-0.22
13263,-0.12
13265,-0.12
13267,-0.4
13269,-0.27
13271,-0.28
13273,-0.19
13275,-0.36
13277,-0.36
13279,-0.44
13281,-0.37
13283,-0.26
13285,-0.32
13287,-0.26
13289,-0.18
13291,-0.4
13293,-0.31
13295,-0.41
13297,-0.45
13299,-0.39
13301,-0.24
13303,-0.23
13305,-0.39
13307,-0.28
13309,-0.32
13311,-0.4
13313,-0.35
13315,-0.3
13317,-0.26
13319,-0.22
13321,-0.31
15001,0.5
15003,0.23
15007,0.44
15009,0.52
16001,-0.45
16003,-0.46
16005,-0.56
16007,-0.71
16009,-0.59
16011,-0.77
16013,-0.19
16015,-0.47
16017,-0.47
16019,-0.74
16021,-0.46
16023,-0.69
16025,-0.48
16027,-0.58
16029,-0.75
16031,-0.73
16033,-0.7
16035,-0.46
16037,-0.51
16039,-0.45
16041,-0.78
16043,-0.8
16045,-0.53
16047,-0.59
16051,-0.81
16053,-0.6
16055,-0.58
16057,-0.23
16059,-0.54
16061,-0.52
16063,-0.56
16065,-0.86
16067,-0.65
16069,-0.46
16071,-0.8
16073,-0.52
16075,-0.55
16077,-0.68
16079,-0.47
16081,-0.32
16083,-0.6
16085,-0.39
16087,-0.54
17001,-0.36
17003,0.11
17005,-0.15
17007,-0.2
17009,-0.24
17011,-0.15
17013,0.1
17015,-0.3
17017,-0.12
17019,0.05
17021,-0.16
17023,-0.27
17025,-0.25
17027,-0.24
17029,-0.2
17033,-0.3
17035,-0.28
17037,0
17041,-0.38
17043,-0.1
17045,-0.34
17047,-0.38
17049,-0.37
17051,-0.26
17053,-0.39
17055,0.02
17057,-0.01
17059,0.24
17061,-0.18
17063,-0.06
17065,-0.14
17067,-0.33
17069,-0.15
17071,-0.2
17073,-0.26
17075,-0.34
17077,0.09
17079,-0.3
17081,-0.18
17083,-0.16
17087,-0.32
17089,-0.05
17091,-0.09
17093,-0.08
17095,-0.07
17097,-0.05
17099,-0.04
17101,-0.23
17103,-0.2
17105,-0.43
17107,-0.36
17109,-0.17
17111,-0.11
17113,-0.18
17115,-0.17
17117,-0.01
17119,-0.01
17121,-0.15
17123,-0.28
17125,-0.15
17127,-0.28
17129,-0.35
17131,-0.19
17133,-0.22
17135,-0.2
17137,-0.28
17139,-0.32
17141,-0.27
17143,-0.15
17145,-0.14
17147,-0.31
17149,-0.28
17151,-0.24
17153,-0.17
17155,0.05
17157,-0.08
17159,-0.23
17161,0.02
17163,-0.01
17165,-0.14
17167,-0.22
17169,-0.24
17171,-0.3
17173,-0.29
17175,-0.34
17177,-0.28
17179,-0.28
17181,-0.1
17183,-0.18
17185,-0.31
17187,-0.27
17189,-0.29
17191,-0.33
17193,-0.19
17195,-0.09
17197,0.02
17199,-0.1
17201,-0.1
17203,-0.45
18001,-0.37
18003,-0.19
18005,-0.21
18007,-0.26
18009,-0.13
18011,-0.28
18013,-0.05
18015,-0.25
18017,-0.12
18019,-0.05
18021,-0.13
18023,-0.25
18025,-0.02
18027,-0.22
18029,-0.17
18031,-0.24
18033,-0.28
18035,0.01
18037,-0.07
18039,-0.26
18041,-0.03
18043,-0.07
18045,-0.21
18047,-0.2
18049,-0.19
18051,-0.12
18053,-0.24
18055,-0.09
18057,-0.24
18059,-0.24
18061,-0.12
18063,-0.23
18065,-0.12
18067,-0.14
18069,-0.29
18071,-0.16
18073,-0.15
18075,-0.2
18077,-0.06
18079,-0.11
18081,-0.21
18083,-0.05
18085,-0.32
18087,-0.34
18089,0.15
18091,0.07
18093,-0.16
18095,-0.06
18097,0.04
18099,-0.21
18101,-0.11
18103,-0.23
18105,0.21
18107,-0.27
18109,-0.22
18111,-0.11
18113,-0.27
18115,-0.13
18117,-0.15
18119,-0.06
18121,-0.13
18123,0.07
18125,-0.08
18127,0.08
18129,-0.08
18131,-0.2
18133,-0.2
18135,-0.19
18137,-0.2
18139,-0.23
18141,-0.01
18143,0.06
18145,-0.19
18147,-0.1
18149,0.01
18151,-0.22
18153,0.07
18155,0
18157,-0.07
18159,-0.25
18161,-0.2
18163,-0.05
18165,0.13
18167,0.11
18169,-0.25
18171,-0.17
18173,-0.13
18175,-0.12
18177,-0.11
18179,-0.4
18181,-0.18
18183,-0.33
19001,-0.24
19003,-0.25
19005,-0.15
19007,-0.24
19009,-0.24
19011,-0.25
19013,-0.07
19015,-0.21
19017,-0.22
19019,-0.08
19021,-0.28
19023,-0.23
19025,-0.23
19027,-0.24
19029,-0.32
19031,-0.18
19033,-0.14
19035,-0.3
19037,-0.16
19039,-0.2
19041,-0.26
19043,-0.11
19045,-0.08
19047,-0.18
19049,-0.45
19051,-0.24
19053,-0.28
19055,-0.2
19057,-0.11
19059,-0.26
19061,-0.07
19063,-0.21
19065,-0.15
19067,-0.14
19069,-0.29
19071,-0.13
19073,-0.21
19075,-0.4
19077,-0.32
19079,-0.28
19081,-0.43
19083,-0.34
19085,-0.28
19087,-0.31
19089,-0.05
19091,-0.3
19093,-0.41
19095,-0.25
19097,-0.09
19099,-0.21
19101,0.02
19103,-0.02
19105,-0.15
19107,-0.3
19109,-0.32
19111,-0.05
19113,-0.12
19115,-0.26
19117,-0.35
19119,-0.62
19121,-0.36
19123,-0.46
19125,-0.4
19127,-0.18
19129,-0.36
19131,-0.24
19133,-0.29
19135,-0.24
19137,-0.3
19139,-0.17
19141,-0.54
19143,-0.48
19145,-0.34
19147,-0.16
19149,-0.37
19151,-0.35
19153,-0.25
19155,-0.17
19157,-0.13
19159,-0.3
19161,-0.33
19163,-0.17
19165,-0.27
19167,-0.78
19169,-0.3
19171,-0.11
19173,-0.31
19175,-0.2
19177,-0.38
19179,-0.13
19181,-0.31
19183,-0.33
19185,-0.38
19187,-0.13
19189,-0.27
19191,-0.07
19193,-0.18
19195,-0.06
19197,-0.2
21001,-0.19
21003,-0.16
21005,0.14
21007,0.32
21009,0.18
21011,0.3
21013,0.01
21015,-0.18
21017,0.19
21019,0.16
21021,0.06
21023,0.25
21025,0.54
21027,0.04
21029,0.06
21031,-0.3
21033,0.27
21035,0.2
21037,0.05
21039,0.35
21041,0.33
21043,0.1
21045,-0.3
21047,0.11
21049,0.09
21051,-0.24
21053,-0.33
21055,-0.08
21057,-0.37
21059,0.12
21061,-0.12
21063,0.54
21065,0.1
21067,0.12
21069,0.17
21071,0.54
21073,0.31
21075,0.22
21077,0.19
21079,-0.17
21081,-0.02
21083,0.3
21085,-0.15
21087,-0.15
21089,0.16
21091,0.14
21093,0.08
21095,0.43
21097,0.24
21099,0.25
21101,0.27
21103,0.2
21105,0.06
21107,0.28
21109,-0.31
21111,0.15
21113,-0.1
21115,-0.04
21117,-0.02
21119,0.59
21121,-0.16
21123,0.2
21125,-0.27
21127,0.1
21129,0.01
21131,-0.38
21133,0.45
21135,-0.32
21137,-0.01
21139,0.32
21141,0.19
21143,0.19
21145,0.1
21147,-0.23
21149,0.21
21151,0.1
21153,0.25
21155,0.29
21157,0.22
21159,-0.15
21161,0.16
21163,0.19
21165,0.25
21167,0.12
21169,0.1
21171,-0.27
21173,0.17
21175,0.53
21177,0.27
21179,0.18
21181,0.37
21183,0
21185,-0.19
21187,0.24
21189,-0.01
21191,0.06
21193,0.37
21195,0.47
21197,0.28
21199,-0.3
21201,0.48
21203,-0.3
21205,0.23
21207,-0.28
21209,0.05
21211,-0.02
21213,0.15
21215,-0.08
21217,-0.12
21219,0.32
21221,0.08
21223,0.35
21225,0.48
21227,0.09
21229,0.11
21231,-0.19
21233,0.48
21235,-0.3
21237,0.44
21239,0.11
23005,0.56
23007,0.67
23009,0.6
23013,1
23015,0.56
23017,0.67
23019,0.8
23029,0.67
23031,0.6
24001,-0.03
24003,0
24005,0.12
24009,-0.05
24011,-0.04
24013,-0.13
24015,-0.05
24017,0.08
24019,-0.01
24021,-0.04
24023,-0.2
24025,-0.03
24027,0.05
24029,0.04
24031,0.12
24033,0.19
24035,-0.08
24037,-0.07
24039,-0.04
24041,-0.09
24043,-0.07
24045,-0.02
24047,-0.01
24510,0.27
25001,0.07
25009,0.06
25011,0.03
25013,-0.03
25019,0.2
25021,-0.01
25023,0.08
25027,0.23
26001,-0.16
26003,-0.03
26005,-0.3
26007,-0.13
26009,-0.17
26011,-0.09
26013,-0.1
26015,-0.23
26017,-0.03
26019,-0.01
26021,-0.22
26023,-0.25
26025,-0.13
26027,-0.23
26029,-0.15
26031,-0.14
26033,-0.11
26035,-0.12
26037,-0.19
26039,-0.12
26041,-0.13
26043,-0.22
26045,-0.09
26047,-0.12
26049,0.07
26051,-0.14
26053,-0.03
26055,-0.08
26057,-0.13
26059,-0.28
26061,-0.11
26063,-0.22
26065,0.08
26067,-0.19
26069,-0.07
26071,-0.12
26073,0.03
26075,-0.15
26077,-0.03
26079,-0.12
26081,-0.18
26083,-0.06
26085,-0.08
26087,-0.14
26089,-0.07
26091,-0.2
26093,-0.21
26095,-0.13
26097,-0.13
26099,-0.05
26101,-0.06
26103,0.05
26105,-0.16
26107,-0.18
26109,-0.14
26111,-0.24
26113,-0.28
26115,-0.15
26117,-0.19
26119,-0.19
26121,-0.06
26123,-0.3
26125,-0.08
26127,-0.27
26129,-0.1
26131,-0.08
26133,-0.22
26135,-0.2
26137,-0.16
26139,-0.39
26141,-0.17
26143,-0.11
26145,-0.08
26147,-0.2
26149,-0.25
26151,-0.22
26153,-0.11
26155,-0.06
26157,-0.16
26159,-0.13
26161,0.12
26163,0.08
26165,-0.14
28001,-0.17
28003,-0.36
28005,-0.26
28007,-0.24
28009,-0.22
28011,-0.11
28013,-0.28
28015,-0.27
28017,-0.18
28019,-0.32
28021,0.03
28023,-0.3
28025,-0.16
28027,-0.01
28029,-0.16
28031,-0.25
28033,-0.4
28035,-0.27
28037,-0.28
28039,-0.43
28041,-0.38
28043,-0.22
28045,-0.28
28047,-0.28
28049,-0.08
28051,-0.01
28053,-0.03
28055,-0.08
28057,-0.44
28059,-0.32
28061,-0.17
28063,0.03
28067,-0.33
28069,-0.16
28071,-0.28
28073,-0.41
28075,-0.34
28077,-0.21
28079,-0.22
28081,-0.41
28083,-0.15
28085,-0.34
28087,-0.28
28089,-0.33
28091,-0.31
28093,-0.21
28095,-0.29
28097,-0.23
28099,-0.33
28101,-0.36
28103,-0.11
28105,-0.31
28107,-0.17
28109,-0.39
28111,-0.31
28113,-0.22
28115,-0.43
28117,-0.35
28119,-0.03
28121,-0.39
28123,-0.22
28125,-0.1
28127,-0.27
28129,-0.3
28131,-0.41
28133,-0.06
28135,-0.09
28137,-0.37
28139,-0.38
28141,-0.35
28143,0.08
28145,-0.43
28147,-0.21
28149,-0.23
28151,-0.11
28153,-0.26
28155,-0.37
28157,-0.11
28159,-0.27
28161,-0.18
28163,-0.19
29001,-0.15
29003,-0.26
29005,-0.3
29007,-0.29
29009,-0.36
29011,-0.5
29013,-0.2
29015,-0.22
29017,-0.37
29019,-0.04
29021,-0.11
29023,-0.3
29025,-0.28
29027,-0.24
29029,-0.23
29031,-0.35
29033,-0.27
29035,-0.26
29037,-0.25
29039,-0.36
29041,-0.25
29043,-0.39
29045,-0.27
29047,-0.13
29049,-0.2
29051,-0.27
29053,-0.31
29055,-0.21
29057,-0.41
29059,-0.31
29061,-0.22
29063,-0.27
29065,-0.27
29067,-0.27
29069,-0.21
29071,-0.21
29073,-0.28
29075,-0.3
29077,-0.21
29079,-0.28
29081,-0.35
29083,-0.25
29085,-0.25
29087,-0.33
29089,-0.24
29091,-0.27
29093,-0.15
29095,0
29097,-0.37
29099,-0.08
29101,-0.21
29103,-0.28
29105,-0.34
29107,-0.24
29109,-0.39
29111,-0.26
29113,-0.21
29115,-0.24
29117,-0.27
29119,-0.36
29121,-0.28
29123,-0.26
29125,-0.25
29127,-0.33
29129,-0.25
29131,-0.34
29133,-0.25
29135,-0.37
29137,-0.32
29139,-0.28
29141,-0.26
29143,-0.2
29145,-0.42
29147,-0.25
29149,-0.24
29151,-0.35
29153,-0.28
29155,-0.2
29157,-0.36
29159,-0.23
29161,-0.22
29163,-0.24
29165,-0.16
29167,-0.41
29169,-0.21
29171,-0.28
29173,-0.27
29175,-0.26
29177,-0.17
29179,-0.14
29181,-0.32
29183,-0.18
29185,-0.24
29186,-0.12
29187,-0.16
29195,-0.18
29197,-0.17
29199,-0.25
29201,-0.29
29203,-0.18
29205,-0.31
29207,-0.32
29209,-0.33
29211,-0.27
29213,-0.31
29215,-0.27
29217,-0.25
29219,-0.23
29221,-0.19
29223,-0.26
29225,-0.37
29227,-0.27
29229,-0.36
29510,0.26
30001,-0.04
30003,0.19
30005,0.26
30007,0.04
30009,0.13
30011,-0.13
30013,0.11
30015,0
30017,0.07
30019,-0.04
30021,-0.03
30023,0.26
30025,-0.12
30027,-0.03
30029,0.1
30031,0.22
30033,-0.08
30035,0.41
30037,-0.03
30039,0.12
30041,0.19
30043,0.12
30045,-0.05
30047,0.16
30049,0.21
30051,-0.01
30053,0.1
30055,0.01
30057,0
30059,-0.03
30061,0.08
30063,0.38
30065,-0.04
30067,0.23
30069,-0.01
30071,-0.05
30073,0.04
30075,-0.08
30077,0.07
30079,-0.01
30081,0.03
30083,-0.05
30085,0.2
30087,0.14
30089,0.07
30091,0.08
30093,0.28
30095,-0.01
30097,-0.03
30099,0.15
30101,-0.04
30103,0.09
30105,0.04
30107,-0.02
30109,-0.09
30111,0.07
31001,-0.21
31003,-0.25
31005,-0.33
31007,-0.29
31009,-0.16
31011,-0.29
31013,-0.2
31015,-0.22
31017,-0.15
31019,-0.18
31021,-0.18
31023,-0.28
31025,-0.26
31027,-0.37
31029,-0.2
31031,-0.27
31033,-0.21
31035,-0.22
31037,-0.24
31039,-0.26
31041,-0.27
31043,-0.14
31045,-0.18
31047,-0.23
31049,-0.18
31051,-0.32
31053,-0.2
31055,-0.1
31057,-0.27
31059,-0.24
31061,-0.19
31063,-0.21
31065,-0.22
31067,-0.32
31069,-0.15
31071,-0.26
31073,-0.18
31075,-0.24
31077,-0.34
31079,-0.2
31081,-0.36
31083,-0.31
31085,-0.25
31087,-0.2
31089,-0.22
31091,-0.19
31093,-0.22
31095,-0.21
31097,-0.21
31099,-0.21
31101,-0.21
31103,-0.16
31105,-0.18
31107,-0.29
31109,-0.14
31111,-0.21
31113,-0.29
31115,-0.2
31117,-0.29
31119,-0.24
31121,-0.33
31123,-0.21
31125,-0.2
31127,-0.27
31129,-0.18
31131,-0.27
31133,-0.24
31135,-0.33
31137,-0.29
31139,-0.25
31141,-0.25
31143,-0.3
31145,-0.19
31147,-0.24
31149,-0.23
31151,-0.18
31153,-0.17
31155,-0.22
31157,-0.25
31159,-0.31
31161,-0.17
31163,-0.2
31165,-0.31
31167,-0.33
31169,-0.27
31171,-0.2
31173,-0.17
31175,-0.21
31177,-0.23
31179,-0.28
31181,-0.2
31183,-0.27
31185,-0.28
32001,-0.53
32003,-0.34
32005,-0.6
32007,-0.7
32009,-0.13
32011,-0.44
32013,-0.47
32015,-0.42
32017,-0.51
32019,-0.46
32021,-0.23
32023,-0.36
32027,-0.39
32029,-0.42
32031,-0.44
32033,-0.41
32510,-0.5
33001,-0.15
33003,-0.11
33005,0.12
33007,0.01
33009,0.08
33011,-0.1
33013,-0.05
33015,-0.1
33017,0.04
33019,0.05
34001,0.12
34003,0.2
34005,0.17
34007,0.25
34009,0.06
34011,0.17
34013,0.21
34015,0.24
34017,0.28
34019,0.04
34021,0.21
34023,0.26
34025,0.17
34027,0.05
34029,0.12
34031,0.17
34033,0.15
34035,0.12
34037,0.08
34039,0.19
34041,0.07
35001,0.3
35003,0.12
35005,0.03
35006,0.33
35007,0.23
35009,0.06
35015,0.1
35017,0.32
35019,0.36
35021,0.04
35023,0.23
35025,0.02
35027,0.03
35028,0.21
35029,0.17
35031,0.32
35033,0.31
35035,0.05
35037,0.17
35039,0.35
35041,0.11
35043,0.24
35045,0.09
35047,0.35
35049,0.4
35051,0.18
35053,0.24
35055,0.5
35057,0.12
35059,0.16
35061,0.22
36001,0.26
36003,-0.16
36005,0.27
36007,0.02
36009,-0.02
36011,-0.04
36013,0.01
36015,-0.11
36017,-0.11
36019,0.23
36021,0.14
36023,-0.02
36025,-0.03
36027,0.11
36029,0.19
36031,0.02
36033,0.22
36035,-0.12
36037,-0.08
36039,0
36041,-0.2
36043,-0.1
36045,-0.1
36049,-0.16
36051,-0.04
36053,-0.1
36055,0.08
36057,0.01
36059,0.05
36063,0.11
36065,-0.03
36067,0.01
36069,-0.04
36071,0.09
36073,-0.1
36075,-0.12
36077,0.03
36079,0.08
36081,0.3
36083,0.13
36087,0.14
36091,-0.08
36093,0.1
36095,-0.02
36097,0
36099,-0.03
36101,-0.14
36103,0.08
36105,0.18
36107,-0.11
36109,0.33
36111,0.3
36113,-0.09
36115,-0.08
36117,-0.1
36119,0.11
36121,-0.09
36123,-0.14
37001,-0.14
37003,-0.28
37005,-0.07
37007,0.08
37009,-0.17
37011,-0.37
37013,-0.16
37015,0.06
37017,0.07
37019,-0.17
37021,0.17
37023,-0.14
37025,-0.19
37027,-0.26
37029,-0.17
37031,-0.19
37033,-0.02
37035,-0.26
37037,-0.01
37039,-0.21
37041,-0.13
37043,-0.27
37045,-0.13
37047,0.07
37049,-0.17
37051,0
37053,-0.2
37055,-0.01
37057,-0.27
37059,-0.36
37061,-0.1
37063,0.18
37065,0.07
37067,-0.12
37069,-0.09
37071,-0.2
37073,0.01
37075,-0.2
37077,0
37079,0.01
37081,-0.05
37083,0.11
37085,-0.15
37087,-0.04
37089,-0.27
37091,0.13
37093,0.07
37095,0.16
37097,-0.24
37099,0.07
37101,-0.2
37103,0
37105,-0.08
37107,-0.05
37109,-0.26
37111,-0.2
37113,-0.21
37115,0.12
37117,0.01
37119,-0.06
37121,-0.32
37123,-0.07
37125,-0.29
37127,-0.1
37129,-0.05
37131,0.12
37133,-0.21
37135,0.23
37137,-0.07
37139,-0.05
37141,-0.13
37143,-0.14
37145,0
37147,-0.05
37149,-0.12
37151,-0.33
37153,0.07
37155,0.19
37157,-0.16
37159,-0.22
37161,-0.14
37163,-0.16
37165,0.04
37167,-0.22
37169,-0.27
37171,-0.21
37173,0.05
37175,-0.18
37177,0.04
37179,-0.29
37181,0.13
37183,-0.07
37185,0.12
37187,0.07
37189,0.07
37191,-0.13
37193,-0.29
37195,-0.08
37197,-0.36
37199,-0.04
39001,-0.3
39003,-0.38
39005,-0.42
39007,-0.14
39009,0.15
39011,-0.45
39013,-0.11
39015,-0.29
39017,-0.32
39019,-0.25
39021,-0.36
39023,-0.25
39025,-0.36
39027,-0.37
39029,-0.23
39031,-0.28
39033,-0.38
39035,-0.06
39037,-0.41
39039,-0.37
39041,-0.49
39043,-0.15
39045,-0.38
39047,-0.41
39049,-0.18
39051,-0.4
39053,-0.28
39055,-0.38
39057,-0.33
39059,-0.27
39061,-0.25
39063,-0.43
39065,-0.39
39067,-0.14
39069,-0.43
39071,-0.31
39073,-0.24
39075,-0.47
39077,-0.28
39079,-0.28
39081,-0.09
39083,-0.4
39085,-0.24
39087,-0.25
39089,-0.37
39091,-0.42
39093,-0.14
39095,-0.09
39097,-0.44
39099,-0.03
39101,-0.31
39103,-0.33
39105,-0.26
39107,-0.48
39109,-0.39
39111,0.05
39113,-0.2
39115,-0.33
39117,-0.43
39119,-0.32
39121,-0.25
39123,-0.21
39125,-0.41
39127,-0.26
39129,-0.38
39131,-0.16
39133,-0.12
39135,-0.33
39137,-0.55
39139,-0.33
39141,-0.25
39143,-0.29
39145,-0.15
39147,-0.31
39149,-0.42
39151,-0.24
39153,-0.31
39155,0.03
39157,-0.19
39159,-0.49
39161,-0.46
39163,-0.17
39165,-0.4
39167,-0.29
39169,-0.41
39171,-0.41
39173,-0.23
39175,-0.37
40001,-0.02
40003,-0.42
40005,0.15
40007,-0.59
40009,-0.19
40011,-0.24
40013,0
40015,0.03
40017,-0.36
40019,-0.09
40021,0.07
40023,0.19
40025,-0.5
40027,-0.15
40029,0.37
40031,-0.12
40033,-0.05
40035,0.05
40037,-0.27
40039,-0.26
40041,-0.14
40043,-0.25
40045,-0.38
40047,-0.37
40049,-0.03
40051,-0.22
40053,-0.32
40055,0.2
40057,0.08
40059,-0.36
40061,0.17
40063,0.18
40065,-0.27
40067,0.11
40069,0.12
40071,-0.27
40073,-0.41
40075,-0.02
40077,0.3
40081,-0.22
40083,-0.36
40085,0.16
40087,-0.27
40089,0.14
40091,0.1
40093,-0.52
40095,0.02
40097,-0.08
40099,0.11
40101,0
40103,-0.25
40105,-0.14
40107,0.04
40109,-0.21
40111,-0.03
40113,-0.13
40115,-0.03
40117,-0.15
40119,-0.18
40121,0.17
40123,0.01
40125,-0.15
40127,0.22
40129,-0.09
40131,-0.32
40133,0
40135,0.02
40137,-0.19
40139,-0.43
40141,-0.11
40143,-0.26
40145,-0.31
40147,-0.39
40149,-0.1
40151,-0.33
40153,-0.33
41001,-0.09
41003,0.32
41005,0.15
41007,0.25
41009,0.21
41011,0.18
41013,-0.02
41015,0.11
41017,0.13
41019,0.07
41021,0.02
41023,-0.01
41025,-0.02
41027,0.28
41029,0.18
41031,0.04
41033,0.08
41035,-0.01
41037,-0.06
41039,0.32
41041,0.24
41043,0.09
41045,-0.05
41047,0.1
41049,-0.05
41051,0.42
41053,0.09
41055,-0.04
41057,0.18
41059,0.01
41061,0.01
41063,0.03
41065,0.18
41067,0.21
41069,0.02
41071,0.09
42001,-0.11
42003,0.12
42005,-0.03
42007,0.04
42009,-0.17
42011,0.04
42013,-0.12
42015,-0.15
42017,-0.01
42019,-0.13
42021,0.1
42023,-0.07
42025,0.09
42027,0.01
42029,-0.1
42031,-0.1
42033,-0.02
42035,0.02
42037,0.06
42039,-0.1
42041,-0.14
42043,-0.05
42045,-0.04
42047,0.08
42049,0.06
42051,0.11
42053,-0.07
42055,-0.18
42057,-0.16
42059,0.08
42061,-0.11
42063,-0.03
42065,-0.09
42067,-0.18
42069,0.19
42071,-0.2
42073,-0.02
42075,-0.18
42077,0.03
42079,0.14
42081,-0.1
42083,-0.11
42085,-0.07
42087,-0.17
42089,0.09
42091,0
42093,-0.05
42095,0.07
42097,-0.03
42099,-0.16
42101,0.28
42103,0.01
42105,-0.12
42107,0.02
42109,-0.22
42111,-0.07
42113,-0.07
42115,-0.13
42117,-0.14
42119,-0.15
42121,-0.13
42123,-0.12
42125,0.02
42127,-0.06
42129,0.01
42131,-0.07
42133,-0.09
44001,0.2
44005,0.28
44007,0.43
45001,-0.37
45003,-0.44
45005,-0.07
45007,-0.49
45009,-0.17
45011,-0.29
45013,-0.42
45015,-0.36
45017,-0.31
45019,-0.28
45021,-0.41
45023,-0.25
45025,-0.31
45027,-0.29
45029,-0.28
45031,-0.3
45033,-0.31
45035,-0.38
45037,-0.4
45039,-0.19
45041,-0.32
45043,-0.31
45045,-0.46
45047,-0.43
45049,-0.18
45051,-0.31
45053,-0.27
45055,-0.38
45057,-0.41
45059,-0.41
45061,-0.13
45063,-0.47
45065,-0.35
45067,-0.16
45069,-0.18
45071,-0.4
45073,-0.52
45075,-0.13
45077,-0.52
45079,-0.2
45081,-0.43
45083,-0.44
45085,-0.27
45087,-0.33
45089,-0.13
45091,-0.4
46003,0.11
46005,0.08
46007,0.09
46009,0.03
46011,0.06
46013,0.08
46015,0.13
46017,0.26
46019,-0.08
46021,-0.14
46023,0.09
46025,-0.04
46027,0.2
46029,-0.02
46031,0.22
46033,-0.07
46035,0.03
46037,0.12
46039,-0.02
46041,0.38
46043,-0.23
46045,0.02
46047,-0.04
46049,0
46051,0.01
46053,0.08
46055,-0.08
46057,-0.17
46059,-0.1
46061,-0.04
46063,-0.11
46065,-0.13
46067,-0.18
46069,-0.05
46071,0.03
46073,0.01
46075,-0.1
46077,-0.05
46079,0.07
46081,0.03
46083,0.01
46085,-0.04
46087,-0.06
46089,-0.2
46091,0.09
46093,-0.05
46095,0.24
46097,0.08
46099,0.1
46101,0.11
46103,0.01
46105,-0.1
46107,-0.14
46109,0.24
46111,0
46115,0.06
46117,-0.04
46119,-0.05
46121,0.4
46123,0.02
46125,-0.01
46127,0
46129,-0.11
46135,0.09
46137,0.28
47001,-0.3
47003,-0.33
47005,-0.25
47007,-0.3
47009,-0.4
47011,-0.46
47013,-0.33
47015,-0.28
47017,-0.37
47019,-0.39
47021,-0.31
47023,-0.43
47025,-0.3
47027,-0.23
47029,-0.34
47031,-0.36
47033,-0.37
47035,-0.4
47037,-0.12
47039,-0.29
47041,-0.27
47043,-0.33
47045,-0.37
47047,-0.41
47049,-0.37
47051,-0.28
47053,-0.4
47055,-0.3
47057,-0.38
47059,-0.38
47061,-0.21
47063,-0.41
47065,-0.33
47067,-0.36
47069,-0.22
47071,-0.31
47073,-0.37
47075,-0.25
47077,-0.41
47079,-0.33
47081,-0.31
47083,-0.23
47085,-0.23
47087,-0.28
47089,-0.41
47091,-0.38
47093,-0.33
47095,-0.25
47097,-0.28
47099,-0.24
47101,-0.26
47103,-0.38
47105,-0.45
47107,-0.41
47109,-0.35
47111,-0.31
47113,-0.39
47115,-0.22
47117,-0.31
47119,-0.37
47121,-0.29
47123,-0.35
47125,-0.29
47127,-0.38
47129,-0.34
47131,-0.39
47133,-0.26
47135,-0.25
47137,-0.35
47139,-0.13
47141,-0.33
47143,-0.41
47145,-0.36
47147,-0.39
47149,-0.34
47151,-0.35
47153,-0.33
47155,-0.38
47157,-0.21
47159,-0.32
47161,-0.26
47163,-0.42
47165,-0.43
47167,-0.4
47169,-0.26
47171,-0.35
47173,-0.3
47175,-0.25
47177,-0.27
47179,-0.37
47181,-0.36
47183,-0.36
47185,-0.3
47187,-0.5
47189,-0.4
48001,-0.58
48003,-0.69
48005,-0.56
48007,-0.46
48009,-0.63
48011,-0.71
48013,-0.42
48015,-0.61
48017,-0.64
48019,-0.52
48021,-0.32
48023,-0.59
48025,-0.41
48027,-0.46
48029,-0.24
48031,-0.55
48033,-0.68
48035,-0.56
48037,-0.53
48039,-0.48
48041,-0.52
48043,0
48045,-0.67
48047,0.16
48049,-0.64
48051,-0.54
48053,-0.54
48055,-0.32
48057,-0.37
48059,-0.61
48061,0.01
48063,-0.45
48065,-0.7
48067,-0.54
48069,-0.59
48071,-0.58
48073,-0.59
48075,-0.6
48077,-0.64
48079,-0.76
48081,-0.62
48083,-0.63
48085,-0.44
48087,-0.61
48089,-0.57
48091,-0.55
48093,-0.57
48095,-0.6
48097,-0.59
48099,-0.48
48101,-0.56
48103,-0.65
48105,0.16
48107,-0.46
48109,0.19
48111,-0.64
48113,-0.25
48115,-0.68
48117,-0.63
48119,-0.52
48121,-0.43
48125,-0.65
48127,0.19
48129,-0.59
48131,0.15
48133,-0.64
48135,-0.54
48137,-0.5
48139,-0.55
48141,-0.04
48143,-0.58
48145,-0.45
48147,-0.55
48149,-0.53
48151,-0.29
48153,-0.74
48155,0.42
48157,-0.38
48159,-0.62
48161,-0.58
48163,0.13
48165,-0.67
48167,-0.42
48169,-0.71
48171,-0.6
48173,-0.76
48175,-0.41
48177,-0.57
48179,-0.64
48181,-0.5
48183,-0.54
48185,-0.53
48187,-0.47
48189,-0.66
48191,-0.53
48193,-0.57
48195,-0.72
48197,-0.41
48199,-0.58
48201,-0.32
48203,-0.51
48205,-0.72
48207,-0.47
48209,-0.22
48211,-0.68
48213,-0.56
48215,0.05
48217,-0.55
48219,-0.66
48221,-0.57
48223,-0.57
48225,-0.56
48227,-0.57
48229,-0.03
48231,-0.55
48233,-0.64
48235,-0.67
48237,-0.58
48239,-0.59
48241,-0.5
48243,-0.29
48245,-0.21
48247,0.18
48249,0.02
48251,-0.55
48253,-0.62
48255,-0.15
48257,-0.52
48259,-0.62
48261,0.14
48263,-0.45
48265,-0.56
48267,-0.57
48269,-0.62
48271,-0.24
48273,-0.21
48275,-0.61
48277,-0.54
48279,-0.64
48281,-0.54
48283,-0.03
48287,-0.5
48289,-0.57
48291,-0.53
48293,-0.5
48295,-0.67
48297,-0.57
48299,-0.53
48301,-0.46
48303,-0.53
48305,-0.75
48307,-0.6
48309,-0.52
48311,-0.59
48313,-0.56
48315,-0.39
48317,-0.72
48319,-0.63
48321,-0.43
48323,0.2
48325,-0.53
48327,-0.55
48329,-0.66
48331,-0.49
48333,-0.6
48335,-0.61
48337,-0.58
48339,-0.59
48341,-0.65
48343,-0.41
48345,-0.64
48347,-0.54
48349,-0.53
48351,-0.18
48353,-0.59
48355,-0.26
48357,-0.71
48359,-0.76
48361,-0.51
48363,-0.57
48365,-0.58
48367,-0.57
48369,-0.73
48371,-0.14
48373,-0.5
48375,-0.52
48377,0.29
48379,-0.56
48381,-0.63
48383,-0.7
48385,-0.6
48387,-0.47
48389,0.26
48391,-0.2
48393,-0.67
48395,-0.41
48397,-0.56
48399,-0.63
48401,-0.59
48403,-0.48
48405,-0.45
48407,-0.52
48409,-0.36
48411,-0.63
48413,-0.61
48415,-0.62
48417,-0.64
48419,-0.59
48421,-0.7
48423,-0.62
48425,-0.64
48427,0.18
48429,-0.58
48431,-0.68
48433,-0.4
48435,-0.67
48437,-0.52
48439,-0.37
48441,-0.6
48443,0
48445,-0.61
48447,-0.59
48449,-0.55
48451,-0.56
48453,0.06
48455,-0.48
48457,-0.52
48459,-0.59
48461,-0.53
48463,-0.16
48465,-0.18
48467,-0.6
48469,-0.48
48471,-0.48
48473,-0.48
48475,-0.47
48477,-0.62
48479,0.13
48481,-0.55
48483,-0.63
48485,-0.51
48487,-0.58
48489,0.15
48491,-0.33
48493,-0.53
48495,-0.61
48497,-0.56
48499,-0.6
48501,-0.71
48503,-0.61
48505,0.23
48507,0.19
49001,-0.76
49003,-0.76
49005,-0.45
49007,-0.34
49009,-0.44
49011,-0.64
49013,-0.72
49015,-0.6
49017,-0.45
49019,0.38
49021,-0.5
49023,-0.73
49025,-0.31
49027,-0.79
49029,-0.67
49031,-0.58
49033,-0.88
49035,-0.05
49037,-0.58
49039,-0.58
49041,-0.66
49043,0.14
49045,-0.41
49047,-0.71
49049,-0.65
49051,-0.46
49053,-0.54
49055,-0.34
49057,-0.2
50001,0.18
50003,0.46
50007,0.19
50009,0.33
50011,0.27
50013,0.33
50017,0.23
50021,0.25
50023,0.27
50025,0.65
50027,0.5
51001,-0.23
51003,-0.14
51005,-0.26
51007,-0.31
51009,-0.35
51011,-0.37
51013,-0.09
51015,-0.39
51017,-0.25
51019,-0.45
51021,-0.28
51023,-0.42
51025,-0.16
51027,-0.16
51029,-0.2
51031,-0.44
51033,-0.19
51035,-0.29
51036,-0.16
51037,-0.23
51041,-0.27
51043,-0.29
51045,-0.32
51047,-0.33
51049,-0.26
51051,-0.17
51053,-0.19
51057,-0.3
51059,-0.17
51061,-0.33
51063,-0.12
51065,-0.23
51067,-0.32
51069,-0.35
51071,-0.29
51073,-0.29
51075,-0.39
51077,-0.26
51079,-0.31
51081,-0.13
51083,-0.23
51085,-0.39
51087,-0.23
51089,-0.26
51091,-0.24
51093,-0.28
51095,-0.35
51097,-0.2
51099,-0.34
51101,-0.32
51103,-0.29
51105,-0.31
51107,-0.25
51109,-0.28
51111,-0.24
51113,-0.29
51115,-0.31
51117,-0.22
51119,-0.24
51121,-0.08
51125,-0.06
51127,-0.37
51131,-0.16
51133,-0.31
51135,-0.22
51137,-0.3
51139,-0.27
51141,-0.29
51143,-0.29
51145,-0.42
51147,-0.2
51149,-0.23
51153,-0.18
51155,-0.26
51157,-0.17
51159,-0.35
51161,-0.35
51163,-0.29
51165,-0.38
51167,-0.25
51169,-0.35
51171,-0.35
51173,-0.29
51175,-0.26
51177,-0.29
51179,-0.28
51181,-0.14
51183,-0.18
51185,-0.28
51187,-0.29
51191,-0.34
51193,-0.23
51195,-0.21
51197,-0.26
51199,-0.34
51600,-0.16
51620,-0.21
51760,0.08
51770,-0.1
53001,-0.15
53003,-0.14
53005,-0.18
53007,-0.16
53009,-0.16
53011,-0.18
53013,-0.14
53015,-0.14
53017,-0.14
53019,-0.11
53021,-0.2
53023,-0.29
53025,-0.14
53027,-0.08
53029,-0.26
53031,-0.15
53033,-0.17
53035,-0.19
53037,-0.11
53039,-0.16
53041,-0.13
53043,-0.16
53045,-0.15
53047,-0.08
53049,-0.1
53051,-0.13
53053,-0.17
53055,-0.19
53057,-0.14
53059,-0.11
53061,-0.16
53063,-0.19
53065,-0.14
53067,-0.17
53069,-0.11
53071,-0.16
53073,-0.17
53075,-0.19
53077,-0.11
54001,0.2
54003,0.11
54005,0.44
54007,0.37
54009,0.29
54011,0.2
54013,0.45
54015,0.35
54017,0
54019,0.36
54021,0.38
54023,-0.02
54025,0.27
54027,0.14
54029,0.28
54031,0.25
54033,0.27
54035,0.13
54037,0.2
54039,0.23
54041,0.19
54043,0.34
54045,0.47
54047,0.46
54049,0.34
54051,0.27
54053,0.2
54055,0.21
54057,0.1
54059,0.5
54061,0.3
54063,0.18
54065,0.04
54067,0.3
54069,0.2
54071,0.27
54073,0.18
54075,0.3
54077,0.14
54079,0.13
54081,0.23
54083,0.31
54085,0.03
54087,0.19
54089,0.28
54091,0.22
54093,0.31
54095,0.07
54097,0.07
54099,0.29
54101,0.47
54103,0.39
54105,0.22
54107,0.09
54109,0.35
55001,-0.03
55003,0.2
55005,-0.11
55007,0.17
55009,-0.09
55011,-0.02
55013,-0.12
55015,-0.18
55017,-0.07
55019,-0.12
55021,0
55023,0.04
55025,0.24
55027,-0.22
55029,-0.06
55031,0.12
55033,0
55035,0.07
55037,-0.15
55039,-0.22
55041,-0.05
55043,-0.02
55045,0.03
55047,-0.22
55049,0.09
55051,-0.02
55053,0.05
55055,-0.15
55057,-0.04
55059,0
55061,-0.15
55063,0.09
55065,-0.06
55067,-0.11
55069,-0.06
55071,-0.15
55073,-0.09
55075,-0.12
55077,-0.07
55078,0.35
55079,0.04
55081,-0.03
55083,-0.14
55085,-0.04
55087,-0.09
55089,-0.36
55091,-0.06
55093,-0.05
55095,-0.11
55097,0.08
55099,0
55101,-0.14
55103,0.02
55105,0.07
55107,-0.09
55109,-0.14
55111,0.05
55113,0.01
55115,-0.13
55117,-0.25
55119,-0.15
55121,0.01
55123,0.09
55125,-0.07
55127,-0.16
55129,-0.06
55131,-0.42
55133,-0.39
55135,-0.12
55137,-0.16
55139,-0.03
55141,-0.07
56001,0.76
56003,0.5
56005,0.67
56007,0.43
56009,0.6
56011,0.5
56013,0.5
56015,0.4
56017,0.5
56019,0.5
56021,-0.67
56023,0.5
56025,0.47
56027,1
56029,0.62
56031,0.67
56033,0.5
56035,0.75
56037,0.55
56039,0.6
56041,0.56
56043,0.33
56045,0.5
