fips,WinMargin
01001,60.31%
01003,72.03%
01005,9.24%
01007,53.22%
01009,87.82%
01011,-65.87%
01013,14.41%
01015,50.13%
01017,16.07%
01019,68.25%
01021,80.11%
01023,0.68%
01025,14.86%
01027,60.91%
01029,86.93%
01031,68.53%
01033,21.23%
01035,-33.91%
01037,31.36%
01039,81.83%
01041,45.42%
01043,82.28%
01045,63.71%
01047,-84.84%
01049,73.48%
01051,64.85%
01053,42.64%
01055,53.68%
01057,71.17%
01059,34.47%
01061,79.65%
01063,-83.22%
01065,-43.73%
01067,47.17%
01069,67.29%
01071,70.45%
01073,6.17%
01075,69.48%
01077,52.12%
01079,45.82%
01081,36.23%
01083,62.46%
01085,-66.28%
01087,-73.55%
01089,38.45%
01091,-63.48%
01093,77.36%
01095,77.31%
01097,27.88%
01099,16.68%
01101,-11.51%
01103,64.30%
01105,-78.07%
01107,-5.55%
01109,34.43%
01111,47.88%
01113,-18.84%
01115,76.28%
01117,66.72%
01119,-85.05%
01121,31.20%
01123,48.93%
01125,32.33%
01127,71.25%
01129,5.75%
01131,-75.59%
01133,85.95%
04001,-49.45%
04003,16.07%
04005,-29.46%
04007,15.16%
04009,29.84%
04011,-20.44%
04012,37.27%
04013,7.88%
04015,47.90%
04017,3.06%
04019,-16.08%
04021,8.01%
04023,-45.31%
04025,33.04%
04027,6.82%
05001,51.64%
05003,-24.80%
05005,58.83%
05007,60.01%
05009,67.46%
05011,40.81%
05013,-28.32%
05015,#DIV/0!
05017,-34.64%
05019,9.55%
05021,-33.00%
05023,72.36%
05025,47.55%
05027,39.60%
05029,-8.78%
05031,37.92%
05033,61.77%
05035,-16.32%
05037,40.12%
05039,-42.24%
05041,-61.50%
05043,10.11%
05045,45.47%
05047,53.81%
05049,7.34%
05051,44.80%
05053,52.46%
05055,51.65%
05057,42.30%
05059,29.23%
05061,40.82%
05063,57.15%
05065,46.05%
05067,26.98%
05069,-52.94%
05071,33.59%
05073,12.61%
05075,-15.61%
05077,-23.81%
05079,27.54%
05081,5.53%
05083,44.59%
05085,64.38%
05087,-11.52%
05089,65.27%
05091,60.40%
05093,18.35%
05095,-50.63%
05097,54.59%
05099,-18.02%
05101,73.89%
05103,1.02%
05105,13.19%
05107,-68.57%
05109,46.60%
05111,47.19%
05113,75.48%
05115,53.16%
05117,6.63%
05119,0.22%
05121,31.24%
05125,55.63%
05127,56.10%
05129,71.70%
05131,50.87%
05133,49.78%
05135,52.14%
05137,43.51%
05139,-12.77%
05141,44.00%
05143,23.47%
05145,63.23%
05147,-60.28%
05149,34.54%
06001,-75.06%
06003,-23.83%
06005,6.96%
06007,-12.59%
06009,6.43%
06011,11.52%
06013,-49.89%
06015,-12.24%
06017,3.56%
06019,-7.75%
06021,21.73%
06023,-53.07%
06025,-49.33%
06027,-0.44%
06029,12.26%
06031,12.82%
06033,-30.39%
06035,32.53%
06037,-61.62%
06039,8.46%
06041,-66.94%
06043,8.65%
06045,-54.63%
06047,-20.63%
06049,38.06%
06051,-22.31%
06053,-46.56%
06055,-40.01%
06057,-21.61%
06059,-9.65%
06061,1.94%
06063,6.23%
06065,-11.02%
06067,-36.43%
06069,-30.83%
06071,-19.29%
06073,-24.36%
06075,-86.19%
06077,-21.11%
06079,-14.91%
06081,-61.66%
06083,-33.37%
06085,-54.94%
06087,-69.20%
06089,18.61%
06091,7.05%
06093,3.10%
06095,-43.58%
06097,-58.34%
06099,-17.72%
06101,12.38%
06103,19.57%
06105,-10.65%
06107,12.51%
06109,3.02%
06111,-25.79%
06113,-56.21%
06115,6.03%
08001,-100.00%
08003,-100.00%
08005,-100.00%
08007,-100.00%
08009,-100.00%
08011,-100.00%
08013,-100.00%
08014,-100.00%
08015,-100.00%
08017,-100.00%
08019,-100.00%
08021,-100.00%
08023,-100.00%
08025,-100.00%
08027,-100.00%
08029,-100.00%
08031,-100.00%
08033,-100.00%
08035,-100.00%
08037,-100.00%
08039,-100.00%
08041,-100.00%
08043,-100.00%
08045,-100.00%
08047,-100.00%
08049,-100.00%
08051,-100.00%
08053,-100.00%
08055,-100.00%
08057,-100.00%
08059,-100.00%
08061,-100.00%
08063,-100.00%
08065,-100.00%
08067,-100.00%
08069,-100.00%
08071,-100.00%
08073,-100.00%
08075,-100.00%
08077,-100.00%
08079,-100.00%
08081,-100.00%
08083,-100.00%
08085,-100.00%
08087,-100.00%
08089,-100.00%
08091,-100.00%
08093,-100.00%
08095,-100.00%
08097,-100.00%
08099,-100.00%
08101,-100.00%
08103,-100.00%
08105,-100.00%
08107,-100.00%
08109,-100.00%
08111,-100.00%
08113,-100.00%
08115,-100.00%
08117,-100.00%
08119,-100.00%
08121,-100.00%
08123,-100.00%
08125,-100.00%
09001,-5.50%
09003,-90.79%
09005,5.75%
09009,-88.66%
09011,-68.74%
09013,-6.67%
09015,-53.93%
10001,-0.13%
10003,-34.86%
10005,20.97%
12001,-20.44%
12003,46.28%
12005,51.05%
12007,28.89%
12009,29.51%
12011,-26.72%
12013,6.25%
12015,39.12%
12017,39.43%
12019,60.99%
12021,54.12%
12023,34.47%
12027,17.19%
12029,32.11%
12031,11.73%
12033,29.60%
12035,28.65%
12037,-4.58%
12039,-60.53%
12041,51.00%
12043,20.36%
12045,30.35%
12047,-11.19%
12049,39.40%
12051,17.27%
12053,29.42%
12055,43.00%
12057,7.66%
12059,45.68%
12061,43.34%
12063,2.69%
12065,-22.85%
12067,13.53%
12069,36.25%
12071,40.70%
12073,-23.39%
12075,36.39%
12077,-33.96%
12079,-17.98%
12081,31.07%
12083,32.92%
12085,48.09%
12086,0.56%
12087,11.53%
12089,55.88%
12091,64.00%
12093,30.81%
12095,-1.76%
12097,-5.76%
12099,-6.95%
12101,27.40%
12103,9.06%
12105,22.86%
12107,18.57%
12109,49.65%
12111,8.83%
12113,63.16%
12115,25.82%
12117,23.41%
12119,52.53%
12121,29.40%
12123,6.97%
12125,25.12%
12127,18.36%
12129,9.88%
12131,62.54%
12133,38.80%
13001,65.70%
13003,57.77%
13005,81.30%
13007,9.42%
13009,7.86%
13011,82.84%
13013,65.63%
13015,65.41%
13017,30.50%
13019,70.91%
13021,-1.43%
13023,63.71%
13025,79.87%
13027,35.48%
13029,60.09%
13031,44.34%
13033,16.61%
13035,54.93%
13037,-11.55%
13039,49.65%
13043,52.88%
13045,55.37%
13047,67.75%
13049,54.98%
13051,4.74%
13053,17.47%
13055,57.30%
13057,68.60%
13059,-23.37%
13061,-0.44%
13063,-60.19%
13065,58.54%
13067,28.46%
13069,52.10%
13071,62.77%
13073,57.21%
13075,49.31%
13077,57.38%
13079,48.62%
13081,44.84%
13083,70.84%
13085,81.78%
13087,30.44%
13089,-45.07%
13091,57.40%
13093,11.25%
13095,-23.07%
13097,12.45%
13099,27.93%
13101,73.80%
13103,67.14%
13105,47.58%
13107,53.02%
13109,48.33%
13111,72.16%
13113,41.08%
13115,56.10%
13117,71.84%
13119,77.05%
13121,-16.54%
13123,74.90%
13125,84.40%
13127,49.87%
13129,72.83%
13131,46.55%
13133,49.84%
13135,26.73%
13137,73.99%
13139,69.81%
13141,-51.63%
13143,77.18%
13145,57.82%
13147,60.75%
13149,66.33%
13151,16.23%
13153,39.35%
13155,57.98%
13157,73.65%
13159,52.54%
13161,63.17%
13163,-0.41%
13165,39.80%
13167,47.32%
13169,40.76%
13171,47.47%
13173,49.33%
13175,42.85%
13177,62.82%
13179,-9.53%
13181,44.89%
13183,50.23%
13185,34.32%
13187,68.46%
13189,35.25%
13191,31.67%
13193,-14.50%
13195,64.79%
13197,22.23%
13199,27.09%
13201,64.33%
13205,18.36%
13207,55.90%
13209,60.02%
13211,55.62%
13213,72.40%
13215,-2.90%
13217,15.37%
13219,59.16%
13221,49.84%
13223,58.71%
13225,20.50%
13227,79.22%
13229,82.05%
13231,75.64%
13233,63.14%
13235,50.03%
13237,57.45%
13239,17.46%
13241,67.35%
13243,-5.62%
13245,-14.27%
13247,-5.34%
13249,63.30%
13251,29.55%
13253,42.90%
13255,42.66%
13257,69.01%
13259,-15.39%
13261,11.34%
13263,-17.60%
13265,-17.06%
13267,57.96%
13269,32.11%
13271,39.53%
13273,11.14%
13275,42.78%
13277,57.63%
13279,66.09%
13281,66.91%
13283,37.85%
13285,38.08%
13287,46.69%
13289,6.63%
13291,70.94%
13293,43.72%
13295,68.01%
13297,70.33%
13299,57.91%
13301,9.30%
13303,6.09%
13305,64.63%
13307,31.39%
13309,46.44%
13311,72.68%
13313,63.18%
13315,51.62%
13317,27.67%
13319,12.11%
13321,59.61%
15001,-57.10%
15003,-33.97%
15007,-50.27%
15009,-59.44%
16001,68.82%
16003,84.67%
16005,70.41%
16007,94.95%
16009,89.66%
16011,93.22%
16013,31.39%
16015,86.48%
16017,76.10%
16019,88.13%
16021,82.48%
16023,91.45%
16025,88.31%
16027,87.00%
16029,98.46%
16031,95.65%
16033,95.38%
16035,87.32%
16037,91.59%
16039,84.28%
16041,94.69%
16043,97.86%
16045,89.08%
16047,92.15%
16051,95.51%
16053,88.76%
16055,82.81%
16057,33.28%
16059,91.08%
16061,89.03%
16063,89.07%
16065,92.65%
16067,93.86%
16069,75.12%
16071,97.15%
16073,92.69%
16075,91.95%
16077,85.92%
16079,83.60%
16081,43.37%
16083,85.63%
16085,68.25%
16087,89.71%
17001,57.82%
17003,-39.27%
17005,24.58%
17007,32.96%
17009,50.43%
17011,22.31%
17013,-17.52%
17015,44.48%
17017,19.05%
17019,-10.38%
17021,28.56%
17023,47.05%
17025,52.18%
17027,44.34%
17029,31.64%
17033,48.93%
17035,48.61%
17037,3.76%
17041,55.56%
17043,5.82%
17045,58.77%
17047,72.47%
17049,57.11%
17051,51.22%
17053,63.51%
17055,7.45%
17057,-2.62%
17059,-36.69%
17061,34.01%
17063,18.56%
17065,27.93%
17067,52.97%
17069,40.79%
17071,29.94%
17073,32.66%
17075,63.69%
17077,-14.01%
17079,46.94%
17081,33.57%
17083,33.88%
17087,58.99%
17089,3.20%
17091,15.35%
17093,12.54%
17095,3.74%
17097,-6.03%
17099,10.24%
17101,49.81%
17103,29.26%
17105,64.22%
17107,54.94%
17109,24.96%
17111,21.76%
17113,19.50%
17115,19.30%
17117,6.27%
17119,1.76%
17121,27.86%
17123,40.22%
17125,21.69%
17127,48.11%
17129,50.86%
17131,18.07%
17133,39.57%
17135,33.43%
17137,46.28%
17139,43.73%
17141,41.79%
17143,6.76%
17145,26.60%
17147,42.57%
17149,54.48%
17151,55.43%
17153,29.01%
17155,-7.37%
17157,16.87%
17159,49.21%
17161,-16.68%
17163,-13.49%
17165,30.53%
17167,26.90%
17169,39.05%
17171,55.51%
17173,46.52%
17175,46.63%
17177,35.74%
17179,34.03%
17181,18.21%
17183,30.29%
17185,52.24%
17187,33.21%
17189,51.83%
17191,72.41%
17193,42.00%
17195,5.51%
17197,-3.82%
17199,21.53%
17201,7.92%
17203,56.18%
18001,53.52%
18003,34.29%
18005,44.84%
18007,65.88%
18009,31.19%
18011,52.76%
18013,29.12%
18015,58.83%
18017,41.26%
18019,20.39%
18021,47.86%
18023,56.47%
18025,17.51%
18027,66.70%
18029,58.56%
18031,61.61%
18033,56.15%
18035,7.77%
18037,25.93%
18039,47.71%
18041,32.06%
18043,19.85%
18045,66.03%
18047,62.81%
18049,53.95%
18051,40.10%
18053,45.29%
18055,45.24%
18057,46.76%
18059,59.54%
18061,34.68%
18063,51.03%
18065,41.62%
18067,35.51%
18069,60.20%
18071,49.93%
18073,48.96%
18075,47.85%
18077,23.52%
18079,48.37%
18081,54.66%
18083,34.32%
18085,66.84%
18087,65.72%
18089,-27.04%
18091,4.95%
18093,56.01%
18095,22.16%
18097,-8.93%
18099,51.02%
18101,42.65%
18103,55.77%
18105,-23.31%
18107,65.11%
18109,63.90%
18111,48.38%
18113,56.67%
18115,46.82%
18117,52.38%
18119,41.30%
18121,53.33%
18123,-1.19%
18125,38.50%
18127,5.81%
18129,34.96%
18131,55.77%
18133,53.46%
18135,52.63%
18137,61.80%
18139,61.28%
18141,5.73%
18143,0.35%
18145,52.36%
18147,31.59%
18149,22.11%
18151,54.27%
18153,15.56%
18155,19.92%
18157,18.09%
18159,59.84%
18161,55.75%
18163,21.47%
18165,1.22%
18167,-1.20%
18169,57.44%
18171,58.40%
18173,38.60%
18175,43.50%
18177,38.86%
18179,63.37%
18181,52.41%
18183,61.84%
19001,14.89%
19003,15.50%
19005,6.69%
19007,25.41%
19009,11.14%
19011,15.31%
19013,-7.62%
19015,14.95%
19017,10.78%
19019,-8.87%
19021,25.50%
19023,20.53%
19025,16.41%
19027,12.33%
19029,29.78%
19031,14.22%
19033,2.70%
19035,35.49%
19037,0.08%
19039,16.41%
19041,26.19%
19043,2.79%
19045,-1.98%
19047,16.69%
19049,43.05%
19051,27.80%
19053,25.51%
19055,5.55%
19057,3.92%
19059,26.42%
19061,-9.38%
19063,14.65%
19065,0.35%
19067,-2.50%
19069,22.42%
19071,22.30%
19073,15.56%
19075,40.77%
19077,30.68%
19079,22.91%
19081,36.83%
19083,28.96%
19085,34.26%
19087,26.78%
19089,-4.18%
19091,33.85%
19093,45.03%
19095,19.22%
19097,1.53%
19099,12.68%
19101,-2.92%
19103,-12.03%
19105,6.98%
19107,27.27%
19109,23.55%
19111,-12.74%
19113,-2.02%
19115,28.83%
19117,32.43%
19119,69.53%
19121,38.34%
19123,47.40%
19125,37.68%
19127,12.73%
19129,38.40%
19131,8.15%
19133,26.26%
19135,28.96%
19137,31.11%
19139,14.57%
19141,60.63%
19143,53.52%
19145,37.21%
19147,3.97%
19149,45.92%
19151,23.37%
19153,15.34%
19155,17.12%
19157,4.46%
19159,24.91%
19161,38.08%
19163,8.63%
19165,30.13%
19167,84.20%
19169,24.13%
19171,4.46%
19173,30.80%
19175,16.90%
19177,45.48%
19179,5.63%
19181,26.77%
19183,26.40%
19185,35.38%
19187,-0.25%
19189,21.34%
19191,-2.71%
19193,16.81%
19195,-3.10%
19197,5.94%
21001,49.29%
21003,25.58%
21005,-26.58%
21007,-54.65%
21009,-34.38%
21011,-62.59%
21013,4.58%
21015,10.69%
21017,-47.28%
21019,-39.76%
21021,-28.75%
21023,-44.08%
21025,-89.65%
21027,-17.31%
21029,-16.86%
21031,48.85%
21033,-45.27%
21035,-39.80%
21037,-26.47%
21039,-53.74%
21041,-63.28%
21043,-18.62%
21045,65.82%
21047,-40.36%
21049,-26.69%
21051,62.75%
21053,70.64%
21055,13.67%
21057,70.82%
21059,-37.56%
21061,29.30%
21063,-90.04%
21065,-19.25%
21067,-43.36%
21069,-30.81%
21071,-83.71%
21073,-67.84%
21075,-56.42%
21077,-35.14%
21079,24.16%
21081,-1.83%
21083,-52.30%
21085,16.06%
21087,34.29%
21089,-36.55%
21091,-36.67%
21093,-28.15%
21095,-55.78%
21097,-47.29%
21099,-42.40%
21101,-63.42%
21103,-39.06%
21105,-20.76%
21107,-46.18%
21109,68.79%
21111,-53.12%
21113,-0.34%
21115,24.37%
21117,-15.68%
21119,-90.03%
21121,38.55%
21123,-35.47%
21125,49.58%
21127,-7.66%
21129,7.54%
21131,75.71%
21133,-57.86%
21135,52.49%
21137,-9.94%
21139,-53.03%
21141,-45.02%
21143,-42.20%
21145,-32.61%
21147,55.85%
21149,-40.05%
21151,-24.70%
21153,-37.57%
21155,-67.64%
21157,-41.89%
21159,53.21%
21161,-38.24%
21163,-35.89%
21165,-50.95%
21167,-26.07%
21169,-21.36%
21171,70.20%
21173,-39.59%
21175,-80.66%
21177,-56.18%
21179,-44.49%
21181,-68.78%
21183,-3.02%
21185,9.98%
21187,-40.65%
21189,21.86%
21191,-13.56%
21193,-49.69%
21195,-64.39%
21197,-47.39%
21199,48.16%
21201,-66.87%
21203,53.48%
21205,-48.22%
21207,53.77%
21209,-24.88%
21211,-13.24%
21213,-40.23%
21215,5.65%
21217,10.31%
21219,-52.17%
21221,-17.77%
21223,-64.72%
21225,-76.48%
21227,-30.74%
21229,-34.13%
21231,31.36%
21233,-77.67%
21235,54.92%
21237,-81.51%
21239,-34.54%
23005,-100.00%
23007,-100.00%
23009,-100.00%
23013,-100.00%
23015,-100.00%
23017,-100.00%
23019,-100.00%
23027,#DIV/0!
23029,-100.00%
23031,-100.00%
24001,31.69%
24003,-4.08%
24005,-32.74%
24009,11.01%
24011,28.68%
24013,37.00%
24015,26.42%
24017,-36.29%
24019,15.21%
24021,6.61%
24023,56.66%
24025,17.33%
24027,-30.92%
24029,-4.93%
24031,-57.26%
24033,-84.96%
24035,31.39%
24037,17.64%
24039,17.90%
24041,14.95%
24043,27.70%
24045,11.04%
24047,22.56%
24510,-86.92%
25001,-6.81%
25009,-10.67%
25011,-10.44%
25013,10.97%
25019,-36.88%
25021,-0.88%
25023,-8.01%
25027,-47.58%
26001,38.12%
26003,9.41%
26005,36.62%
26007,25.36%
26009,32.41%
26011,25.50%
26013,21.88%
26015,34.98%
26017,2.46%
26019,9.00%
26021,25.00%
26023,43.40%
26025,15.20%
26027,35.04%
26029,26.08%
26031,30.17%
26033,20.85%
26035,26.70%
26037,20.57%
26039,31.02%
26041,19.93%
26043,35.46%
26045,8.60%
26047,20.84%
26049,-22.05%
26051,27.92%
26053,5.84%
26055,14.15%
26057,21.31%
26059,49.74%
26061,14.75%
26063,39.63%
26065,-22.82%
26067,28.74%
26069,22.24%
26071,24.41%
26073,-1.31%
26075,23.74%
26077,-3.65%
26079,35.36%
26081,15.68%
26083,13.54%
26085,17.77%
26087,31.91%
26089,8.92%
26091,28.35%
26093,37.15%
26095,30.97%
26097,24.87%
26099,11.50%
26101,12.65%
26103,-8.90%
26105,23.47%
26107,29.13%
26109,24.39%
26111,27.57%
26113,49.09%
26115,20.95%
26117,29.49%
26119,42.68%
26121,-1.29%
26123,41.29%
26125,1.72%
26127,35.82%
26129,25.67%
26131,19.65%
26133,42.55%
26135,41.17%
26137,34.28%
26139,44.25%
26141,26.88%
26143,27.58%
26145,0.33%
26147,45.73%
26149,34.97%
26151,44.24%
26153,23.74%
26155,11.03%
26157,29.77%
26159,18.30%
26161,-31.43%
26163,-34.59%
26165,34.54%
28001,-7.96%
28003,67.08%
28005,24.86%
28007,20.19%
28009,21.59%
28011,-16.31%
28013,45.83%
28015,37.82%
28017,8.46%
28019,43.70%
28021,-75.17%
28023,39.42%
28025,-10.78%
28027,-43.35%
28029,-2.55%
28031,33.04%
28033,55.61%
28035,31.20%
28037,30.63%
28039,81.23%
28041,65.73%
28043,23.45%
28045,66.60%
28047,44.99%
28049,-36.59%
28051,-66.64%
28053,-63.81%
28055,-8.33%
28057,77.11%
28059,52.03%
28061,1.38%
28063,-75.93%
28067,57.41%
28069,-10.24%
28071,28.22%
28073,69.42%
28075,44.11%
28077,24.01%
28079,17.55%
28081,54.51%
28083,-19.47%
28085,47.97%
28087,22.44%
28089,33.15%
28091,45.09%
28093,-0.86%
28095,38.63%
28097,12.92%
28099,57.28%
28101,52.13%
28103,-44.64%
28105,20.72%
28107,7.05%
28109,73.97%
28111,46.32%
28113,12.72%
28115,68.37%
28117,56.17%
28119,-48.62%
28121,65.18%
28123,18.80%
28125,-27.17%
28127,35.37%
28129,57.71%
28131,63.76%
28133,-29.35%
28135,-11.88%
28137,42.84%
28139,67.84%
28141,72.20%
28143,-62.08%
28145,71.16%
28147,22.09%
28149,17.73%
28151,-17.17%
28153,31.68%
28155,65.73%
28157,-35.22%
28159,19.67%
28161,12.22%
28163,5.94%
29001,26.78%
29003,46.67%
29005,54.62%
29007,45.11%
29009,60.91%
29011,74.12%
29013,40.69%
29015,52.94%
29017,70.98%
29019,0.50%
29021,17.87%
29023,62.10%
29025,51.14%
29027,41.28%
29029,55.37%
29031,55.49%
29033,59.13%
29035,60.45%
29037,36.95%
29039,62.90%
29041,39.50%
29043,57.79%
29045,49.64%
29047,16.16%
29049,37.01%
29051,40.38%
29053,49.49%
29055,53.01%
29057,65.20%
29059,59.53%
29061,45.34%
29063,52.24%
29065,60.90%
29067,64.66%
29069,45.26%
29071,40.23%
29073,54.11%
29075,49.42%
29077,28.37%
29079,59.48%
29081,66.09%
29083,41.57%
29085,59.51%
29087,62.61%
29089,34.97%
29091,60.19%
29093,34.46%
29095,-13.54%
29097,53.60%
29099,22.46%
29101,35.74%
29103,50.81%
29105,63.62%
29107,39.81%
29109,61.86%
29111,53.23%
29113,41.89%
29115,41.96%
29117,51.55%
29119,64.52%
29121,54.36%
29123,47.67%
29125,51.37%
29127,50.33%
29129,69.48%
29131,68.82%
29133,44.11%
29135,58.69%
29137,53.55%
29139,56.44%
29141,55.70%
29143,40.01%
29145,62.35%
29147,38.71%
29149,50.02%
29151,63.42%
29153,61.26%
29155,39.34%
29157,60.77%
29159,43.97%
29161,43.82%
29163,39.43%
29165,19.34%
29167,59.87%
29169,47.89%
29171,65.71%
29173,46.85%
29175,48.61%
29177,28.60%
29179,40.64%
29181,62.77%
29183,29.34%
29185,48.54%
29186,18.35%
29187,32.95%
29195,28.18%
29197,49.16%
29199,53.19%
29201,55.61%
29203,41.43%
29205,50.06%
29207,66.11%
29209,65.24%
29211,53.98%
29213,60.52%
29215,59.81%
29217,50.23%
29219,44.82%
29221,38.71%
29223,57.94%
29225,57.71%
29227,54.85%
29229,66.97%
29510,-64.50%
30001,56.95%
30003,5.83%
30005,-11.00%
30007,45.92%
30009,15.63%
30011,80.70%
30013,6.76%
30015,39.47%
30017,29.38%
30019,57.75%
30021,62.61%
30023,-35.66%
30025,88.00%
30027,51.89%
30029,28.88%
30031,-12.92%
30033,88.07%
30035,-60.80%
30037,62.29%
30039,25.42%
30041,-5.04%
30043,14.84%
30045,58.37%
30047,8.81%
30049,-16.05%
30051,50.89%
30053,38.95%
30055,58.09%
30057,45.11%
30059,61.38%
30061,32.69%
30063,-39.10%
30065,70.55%
30067,-2.16%
30069,70.51%
30071,76.09%
30073,38.67%
30075,82.50%
30077,36.18%
30079,54.90%
30081,33.70%
30083,63.79%
30085,6.14%
30087,28.15%
30089,40.51%
30091,28.34%
30093,-41.11%
30095,54.19%
30097,56.82%
30099,11.99%
30101,62.51%
30103,36.36%
30105,37.75%
30107,63.10%
30109,68.39%
30111,20.43%
31001,79.37%
31003,91.11%
31005,92.86%
31007,91.57%
31009,86.57%
31011,92.18%
31013,86.20%
31015,90.02%
31017,96.18%
31019,77.45%
31021,78.64%
31023,92.35%
31025,81.44%
31027,93.56%
31029,91.85%
31031,96.41%
31033,90.87%
31035,90.59%
31037,88.89%
31039,89.76%
31041,94.02%
31043,72.48%
31045,73.53%
31047,91.12%
31049,97.08%
31051,86.29%
31053,81.35%
31055,49.62%
31057,90.68%
31059,84.75%
31061,91.05%
31063,93.41%
31065,93.28%
31067,76.60%
31069,91.18%
31071,100.00%
31073,84.37%
31075,100.00%
31077,82.76%
31079,77.98%
31081,92.53%
31083,92.68%
31085,88.00%
31087,95.00%
31089,93.92%
31091,91.25%
31093,82.09%
31095,77.19%
31097,79.54%
31099,84.58%
31101,91.12%
31103,93.02%
31105,92.14%
31107,91.62%
31109,40.35%
31111,84.15%
31113,97.51%
31115,85.03%
31117,95.24%
31119,82.29%
31121,90.61%
31123,93.44%
31125,88.45%
31127,81.50%
31129,88.56%
31131,82.82%
31133,78.02%
31135,92.16%
31137,90.07%
31139,93.28%
31141,89.13%
31143,84.51%
31145,91.14%
31147,87.62%
31149,95.27%
31151,61.85%
31153,67.43%
31155,80.18%
31157,83.16%
31159,77.46%
31161,94.92%
31163,83.76%
31165,86.79%
31167,88.52%
31169,84.37%
31171,99.10%
31173,73.09%
31175,84.86%
31177,84.28%
31179,81.80%
31181,90.50%
31183,90.00%
31185,87.21%
32001,87.18%
32003,65.03%
32005,93.41%
32007,92.94%
32009,53.68%
32011,79.63%
32013,82.96%
32015,71.78%
32017,63.79%
32019,89.02%
32021,44.70%
32023,83.03%
32027,63.38%
32029,71.62%
32031,78.30%
32033,64.44%
32510,87.54%
33001,23.45%
33003,15.35%
33005,-14.50%
33007,0.45%
33009,-13.63%
33011,10.21%
33013,3.42%
33015,15.00%
33017,-7.12%
33019,-1.93%
34001,-9.06%
34003,-36.16%
34005,-32.35%
34007,-59.63%
34009,18.64%
34011,-28.31%
34013,-75.00%
34015,-36.69%
34017,-80.32%
34019,22.29%
34021,-57.99%
34023,-51.81%
34025,-11.99%
34027,9.98%
34029,17.19%
34031,-37.64%
34033,-12.95%
34035,-17.62%
34037,29.96%
34039,-56.68%
34041,27.74%
35001,-45.18%
35003,32.27%
35005,33.24%
35006,-56.11%
35007,-39.13%
35009,36.04%
35015,16.79%
35017,-49.24%
35019,-76.51%
35021,7.98%
35023,-43.00%
35025,46.18%
35027,42.49%
35028,-35.93%
35029,-9.61%
35031,-75.27%
35033,-79.75%
35035,23.91%
35037,-4.02%
35039,-85.36%
35041,26.73%
35043,-32.52%
35045,12.21%
35047,-83.93%
35049,-77.38%
35051,11.17%
35053,-33.89%
35055,-84.04%
35057,1.63%
35059,5.75%
35061,-27.36%
36001,-49.11%
36003,44.68%
36005,-91.18%
36007,2.12%
36009,19.58%
36011,9.56%
36013,6.32%
36015,21.89%
36017,30.87%
36019,-14.85%
36021,-13.58%
36023,5.57%
36025,24.87%
36027,-8.00%
36029,-26.97%
36031,15.33%
36033,-14.49%
36035,42.50%
36037,35.48%
36039,22.43%
36041,49.12%
36043,36.51%
36045,28.53%
36049,44.26%
36051,24.24%
36053,19.82%
36055,-15.79%
36057,10.92%
36059,-7.22%
36063,-1.21%
36065,17.68%
36067,-9.90%
36069,12.64%
36071,-1.21%
36073,44.17%
36075,34.29%
36077,5.42%
36079,7.43%
36081,-75.12%
36083,-14.14%
36087,-33.27%
36091,17.76%
36093,-18.46%
36095,20.67%
36097,14.50%
36099,12.32%
36101,39.68%
36103,2.33%
36105,-12.31%
36107,29.49%
36109,-53.13%
36111,-32.96%
36113,25.11%
36115,21.65%
36117,29.99%
36119,-43.37%
36121,46.19%
36123,33.73%
37001,11.54%
37003,45.44%
37005,15.47%
37007,-46.01%
37009,28.00%
37011,68.12%
37013,18.44%
37015,-52.12%
37017,-35.00%
37019,30.62%
37021,-29.22%
37023,22.12%
37025,26.59%
37027,47.22%
37029,29.63%
37031,40.54%
37033,-14.00%
37035,42.43%
37037,-19.16%
37039,45.63%
37041,3.77%
37043,48.95%
37045,12.19%
37047,-23.51%
37049,18.66%
37051,-21.15%
37053,47.94%
37055,8.15%
37057,47.64%
37059,58.02%
37061,2.00%
37063,-58.90%
37065,-54.66%
37067,-0.88%
37069,-4.02%
37071,29.68%
37073,-21.03%
37075,43.97%
37077,-19.70%
37079,-27.95%
37081,-11.91%
37083,-56.23%
37085,16.79%
37087,-0.51%
37089,34.12%
37091,-69.37%
37093,-34.93%
37095,-34.98%
37097,42.77%
37099,-11.77%
37101,25.47%
37103,-13.38%
37105,0.61%
37107,-15.95%
37109,44.96%
37111,33.37%
37113,35.01%
37115,-15.87%
37117,-32.15%
37119,-15.24%
37121,65.21%
37123,8.53%
37125,39.45%
37127,-8.12%
37129,5.96%
37131,-62.27%
37133,36.43%
37135,-55.47%
37137,8.92%
37139,-12.57%
37141,22.35%
37143,14.43%
37145,-12.20%
37147,-13.03%
37149,21.37%
37151,55.78%
37153,-27.31%
37155,-55.50%
37157,18.42%
37159,37.46%
37161,27.41%
37163,12.03%
37165,-34.05%
37167,43.78%
37169,48.80%
37171,33.95%
37173,-6.40%
37175,19.60%
37177,-20.42%
37179,40.62%
37181,-54.23%
37183,-9.85%
37185,-59.99%
37187,-47.92%
37189,-8.44%
37191,1.06%
37193,51.95%
37195,-10.97%
37197,64.72%
37199,4.76%
39001,55.15%
39003,51.62%
39005,58.75%
39007,17.08%
39009,-20.68%
39011,70.04%
39013,18.86%
39015,54.88%
39017,47.57%
39019,46.18%
39021,56.42%
39023,33.16%
39025,57.44%
39027,65.47%
39029,41.47%
39031,43.98%
39033,53.69%
39035,-17.42%
39037,69.54%
39039,47.23%
39041,51.32%
39043,12.26%
39045,46.42%
39047,58.80%
39049,1.64%
39051,51.54%
39053,52.04%
39055,50.61%
39057,45.64%
39059,43.66%
39061,17.87%
39063,59.12%
39065,56.90%
39067,28.77%
39069,54.68%
39071,59.01%
39073,35.66%
39075,66.48%
39077,41.33%
39079,54.69%
39081,16.34%
39083,53.51%
39085,30.97%
39087,43.60%
39089,46.20%
39091,67.00%
39093,8.08%
39095,-4.82%
39097,57.48%
39099,-2.54%
39101,41.09%
39103,43.45%
39105,51.20%
39107,68.75%
39109,63.38%
39111,-8.07%
39113,21.78%
39115,52.54%
39117,59.37%
39119,47.08%
39121,45.03%
39123,24.28%
39125,51.85%
39127,38.81%
39129,47.89%
39131,22.09%
39133,17.45%
39135,64.21%
39137,71.08%
39139,44.26%
39141,31.69%
39143,36.71%
39145,27.22%
39147,40.59%
39149,65.28%
39151,28.67%
39153,38.52%
39155,-7.13%
39157,25.46%
39159,61.59%
39161,67.37%
39163,34.05%
39165,60.22%
39167,42.86%
39169,51.78%
39171,58.65%
39173,25.24%
39175,55.00%
40001,-0.91%
40003,59.57%
40005,-19.91%
40007,77.06%
40009,25.27%
40011,30.80%
40013,-3.29%
40015,-13.64%
40017,45.51%
40019,9.82%
40021,-20.10%
40023,-23.52%
40025,67.97%
40027,13.60%
40029,-41.29%
40031,4.70%
40033,0.17%
40035,-12.37%
40037,33.25%
40039,26.24%
40041,17.59%
40043,35.10%
40045,53.29%
40047,47.58%
40049,3.17%
40051,27.40%
40053,47.40%
40055,-26.53%
40057,-24.84%
40059,49.60%
40061,-29.23%
40063,-30.50%
40065,33.83%
40067,-18.13%
40069,-12.18%
40071,34.25%
40073,57.73%
40075,-4.26%
40077,-47.65%
40081,27.79%
40083,44.31%
40085,-23.17%
40087,33.30%
40089,-20.70%
40091,-21.96%
40093,67.84%
40095,1.64%
40097,7.30%
40099,-19.64%
40101,-16.25%
40103,33.16%
40105,14.68%
40107,-13.44%
40109,13.30%
40111,-9.93%
40113,5.93%
40115,-4.89%
40117,17.40%
40119,16.69%
40121,-25.05%
40123,-5.20%
40125,15.45%
40127,-28.46%
40129,12.17%
40131,40.57%
40133,-9.64%
40135,-8.79%
40137,24.06%
40139,59.15%
40141,8.87%
40143,25.20%
40145,36.54%
40147,43.32%
40149,12.41%
40151,45.92%
40153,51.49%
41001,47.59%
41003,-44.35%
41005,-16.24%
41007,-27.11%
41009,-18.00%
41011,-2.10%
41013,38.49%
41015,11.60%
41017,-4.82%
41019,22.58%
41021,22.24%
41023,51.57%
41025,49.59%
41027,-35.93%
41029,-7.09%
41031,19.77%
41033,19.46%
41035,38.12%
41037,56.27%
41039,-37.03%
41041,-29.64%
41043,6.90%
41045,48.58%
41047,-5.29%
41049,34.49%
41051,-68.45%
41053,-3.12%
41055,44.26%
41057,-15.18%
41059,25.25%
41061,29.37%
41063,33.79%
41065,-9.68%
41067,-31.18%
41069,35.27%
41071,-2.35%
42001,35.18%
42003,-30.29%
42005,30.05%
42007,-8.28%
42009,56.77%
42011,5.61%
42013,43.48%
42015,48.93%
42017,3.37%
42019,35.59%
42021,-2.81%
42023,32.55%
42025,8.95%
42027,2.78%
42029,11.54%
42031,37.62%
42033,28.37%
42035,17.13%
42037,18.39%
42039,28.95%
42041,29.83%
42043,9.29%
42045,2.51%
42047,7.29%
42049,-11.74%
42051,-12.92%
42053,31.94%
42055,49.02%
42057,57.17%
42059,-4.23%
42061,46.35%
42063,21.91%
42065,47.49%
42067,49.66%
42069,-32.80%
42071,34.56%
42073,7.39%
42075,44.99%
42077,-1.00%
42079,-3.19%
42081,41.17%
42083,45.91%
42085,14.28%
42087,49.01%
42089,-1.89%
42091,-10.02%
42093,24.74%
42095,-5.15%
42097,27.51%
42099,49.84%
42101,-77.80%
42103,27.99%
42105,56.67%
42107,27.74%
42109,50.89%
42111,37.07%
42113,35.18%
42115,42.47%
42117,51.29%
42119,33.91%
42121,36.06%
42123,31.58%
42125,-1.29%
42127,40.82%
42129,6.12%
42131,38.91%
42133,31.74%
44001,-30.12%
44005,-42.91%
44007,-81.55%
45001,33.83%
45003,49.11%
45005,-51.15%
45007,61.24%
45009,-23.05%
45011,18.80%
45013,41.86%
45015,35.91%
45017,12.59%
45019,15.51%
45021,56.64%
45023,15.13%
45025,25.79%
45027,4.80%
45029,20.90%
45031,18.81%
45033,16.76%
45035,38.52%
45037,38.60%
45039,-18.23%
45041,20.34%
45043,29.36%
45045,50.26%
45047,39.47%
45049,-13.25%
45051,52.51%
45053,8.14%
45055,37.75%
45057,46.28%
45059,43.97%
45061,-22.88%
45063,58.24%
45065,23.08%
45067,-15.92%
45069,-15.36%
45071,38.91%
45073,65.37%
45075,-33.06%
45077,68.15%
45079,-13.55%
45081,47.70%
45083,51.08%
45085,-0.37%
45087,28.21%
45089,-30.70%
45091,46.19%
46003,-13.94%
46005,-10.91%
46007,16.95%
46009,9.25%
46011,-7.13%
46013,-7.09%
46015,-4.84%
46017,-58.08%
46019,54.03%
46021,81.45%
46023,0.44%
46025,17.50%
46027,-37.12%
46029,19.57%
46031,-19.27%
46033,48.16%
46035,9.37%
46037,-22.83%
46039,-2.44%
46041,-38.54%
46043,65.79%
46045,26.47%
46047,43.63%
46049,28.54%
46051,13.75%
46053,12.61%
46055,73.33%
46057,44.86%
46059,46.44%
46061,39.09%
46063,75.40%
46065,43.17%
46067,55.56%
46069,33.33%
46071,24.48%
46073,-3.21%
46075,64.46%
46077,27.22%
46079,0.32%
46081,22.94%
46083,5.17%
46085,43.21%
46087,18.30%
46089,68.84%
46091,-26.49%
46093,43.68%
46095,-8.15%
46097,-11.56%
46099,-14.15%
46101,-18.88%
46103,23.41%
46105,63.59%
46107,73.99%
46109,-32.72%
46111,19.86%
46115,-3.97%
46117,41.80%
46119,38.68%
46121,-69.15%
46123,34.49%
46125,16.33%
46127,15.88%
46129,62.53%
46135,-11.73%
46137,-32.15%
47001,43.17%
47003,56.52%
47005,44.35%
47007,53.13%
47009,60.47%
47011,69.39%
47013,62.63%
47015,55.64%
47017,55.36%
47019,70.85%
47021,50.23%
47023,66.78%
47025,62.27%
47027,46.79%
47029,75.21%
47031,55.30%
47033,59.12%
47035,68.22%
47037,-10.37%
47039,54.47%
47041,45.05%
47043,47.34%
47045,63.10%
47047,50.34%
47049,68.11%
47051,44.75%
47053,54.88%
47055,50.14%
47057,76.76%
47059,68.97%
47061,42.23%
47063,72.39%
47065,34.87%
47067,71.06%
47069,8.98%
47071,64.22%
47073,71.20%
47075,4.73%
47077,71.88%
47079,58.25%
47081,52.38%
47083,37.15%
47085,36.80%
47087,42.68%
47089,73.55%
47091,71.08%
47093,42.21%
47095,42.33%
47097,29.91%
47099,43.71%
47101,54.59%
47103,67.37%
47105,71.84%
47107,66.86%
47109,59.02%
47111,70.96%
47113,37.58%
47115,36.96%
47117,51.08%
47119,51.83%
47121,54.90%
47123,63.33%
47125,33.01%
47127,65.51%
47129,62.33%
47131,60.01%
47133,41.28%
47135,50.00%
47137,61.09%
47139,25.47%
47141,48.80%
47143,72.04%
47145,55.91%
47147,56.08%
47149,43.44%
47151,66.03%
47153,62.98%
47155,73.06%
47157,-9.63%
47159,52.31%
47161,42.05%
47163,64.40%
47165,59.96%
47167,60.75%
47169,35.46%
47171,74.10%
47173,64.65%
47175,44.95%
47177,40.93%
47179,56.03%
47181,74.10%
47183,52.34%
47185,57.47%
47187,60.90%
47189,56.86%
48001,72.98%
48003,91.92%
48005,67.12%
48007,73.49%
48009,87.20%
48011,98.60%
48013,41.27%
48015,80.13%
48017,78.44%
48019,76.64%
48021,36.17%
48023,83.59%
48025,32.95%
48027,47.96%
48029,6.33%
48031,74.64%
48033,96.74%
48035,76.11%
48037,66.66%
48039,49.91%
48041,55.06%
48043,-12.51%
48045,88.11%
48047,-94.27%
48049,87.95%
48051,67.33%
48053,73.99%
48055,27.85%
48057,39.96%
48059,88.90%
48061,-40.26%
48063,51.28%
48065,89.86%
48067,66.97%
48069,70.96%
48071,74.82%
48073,72.68%
48075,82.66%
48077,87.74%
48079,97.97%
48081,88.43%
48083,89.28%
48085,48.32%
48087,80.49%
48089,71.14%
48091,68.88%
48093,78.71%
48095,88.87%
48097,83.07%
48099,64.09%
48101,73.09%
48103,83.37%
48105,-46.88%
48107,51.63%
48109,-73.69%
48111,91.18%
48113,3.71%
48115,88.17%
48117,73.73%
48119,76.68%
48121,48.76%
48125,91.49%
48127,-91.80%
48129,84.06%
48131,-91.50%
48133,85.66%
48135,68.75%
48137,77.38%
48139,65.22%
48141,-31.25%
48143,79.00%
48145,56.40%
48147,75.42%
48149,74.42%
48151,19.48%
48153,87.59%
48155,-72.97%
48157,26.47%
48159,82.18%
48161,80.88%
48163,-74.53%
48165,88.05%
48167,47.24%
48169,88.93%
48171,74.82%
48173,96.00%
48175,47.19%
48177,73.18%
48179,91.25%
48181,68.52%
48183,60.37%
48185,69.05%
48187,55.08%
48189,79.35%
48191,68.78%
48193,82.48%
48195,94.85%
48197,60.05%
48199,84.34%
48201,18.12%
48203,59.19%
48205,91.38%
48207,51.95%
48209,16.62%
48211,96.17%
48213,73.87%
48215,-51.57%
48217,78.53%
48219,85.96%
48221,80.84%
48223,75.61%
48225,76.56%
48227,74.23%
48229,-14.02%
48231,73.20%
48233,89.66%
48235,81.37%
48237,86.52%
48239,76.18%
48241,65.78%
48243,29.17%
48245,-6.04%
48247,-95.38%
48249,-50.13%
48251,72.87%
48253,84.47%
48255,-0.38%
48257,68.30%
48259,78.93%
48261,-68.14%
48263,63.77%
48265,74.72%
48267,89.17%
48269,94.64%
48271,21.77%
48273,-4.39%
48275,77.95%
48277,75.80%
48279,80.41%
48281,75.18%
48283,-41.19%
48287,70.57%
48289,81.31%
48291,77.71%
48293,65.59%
48295,93.52%
48297,76.69%
48299,75.83%
48301,56.76%
48303,60.76%
48305,96.30%
48307,87.07%
48309,57.15%
48311,97.47%
48313,74.72%
48315,50.88%
48317,89.09%
48319,79.91%
48321,50.03%
48323,-86.51%
48325,65.94%
48327,86.80%
48329,78.87%
48331,65.36%
48333,87.24%
48335,78.77%
48337,88.57%
48339,75.05%
48341,81.97%
48343,42.82%
48345,91.63%
48347,59.83%
48349,70.19%
48351,21.36%
48353,75.91%
48355,10.86%
48357,92.89%
48359,94.76%
48361,69.44%
48363,81.68%
48365,76.52%
48367,77.77%
48369,83.54%
48371,-3.70%
48373,72.54%
48375,61.18%
48377,-85.30%
48379,78.56%
48381,77.40%
48383,94.78%
48385,92.60%
48387,66.89%
48389,-86.54%
48391,7.34%
48393,97.32%
48395,36.98%
48397,71.54%
48399,88.91%
48401,73.20%
48403,81.83%
48405,63.91%
48407,71.54%
48409,32.32%
48411,88.40%
48413,71.77%
48415,83.52%
48417,94.85%
48419,82.68%
48421,89.67%
48423,66.86%
48425,89.66%
48427,-97.16%
48429,93.70%
48431,95.35%
48433,47.80%
48435,91.88%
48437,59.96%
48439,33.77%
48441,73.79%
48443,-7.82%
48445,77.21%
48447,81.54%
48449,72.88%
48451,69.60%
48453,-27.23%
48455,76.25%
48457,75.03%
48459,78.11%
48461,64.02%
48463,-6.92%
48465,-1.58%
48467,82.50%
48469,55.91%
48471,59.75%
48473,53.64%
48475,51.00%
48477,72.29%
48479,-72.68%
48481,68.70%
48483,92.74%
48485,62.69%
48487,82.73%
48489,-78.77%
48491,33.86%
48493,64.38%
48495,92.97%
48497,78.46%
48499,83.62%
48501,97.42%
48503,84.96%
48505,-94.08%
48507,-100.00%
49001,100.00%
49003,84.68%
49005,48.19%
49007,45.86%
49009,74.07%
49011,71.22%
49013,86.81%
49015,76.88%
49017,59.32%
49019,-40.56%
49021,63.44%
49023,84.46%
49025,41.58%
49027,96.37%
49029,77.85%
49031,100.00%
49033,100.00%
49035,1.83%
49037,63.87%
49039,71.57%
49041,85.93%
49043,-21.69%
49045,47.10%
49047,88.69%
49049,70.29%
49051,53.14%
49053,70.48%
49055,39.02%
49057,23.05%
50001,-13.23%
50003,-44.93%
50007,-11.07%
50009,-34.16%
50011,-15.24%
50013,-26.99%
50017,-7.22%
50021,-19.90%
50023,-20.90%
50025,-66.67%
50027,-49.91%
51001,26.79%
51003,-1.45%
51005,39.46%
51007,43.88%
51009,47.20%
51011,56.47%
51013,-27.37%
51015,59.99%
51017,43.13%
51019,64.18%
51021,63.06%
51023,58.72%
51025,-14.57%
51027,51.13%
51029,20.77%
51031,63.81%
51033,11.35%
51035,62.08%
51036,-20.60%
51037,29.72%
51041,21.88%
51043,34.83%
51045,58.87%
51047,45.52%
51049,26.71%
51051,44.81%
51053,9.14%
51057,19.52%
51059,-3.11%
51061,43.95%
51063,28.77%
51065,21.25%
51067,50.74%
51069,50.42%
51071,50.53%
51073,45.51%
51075,42.09%
51077,54.92%
51079,42.54%
51081,-15.67%
51083,29.22%
51085,50.08%
51087,4.86%
51089,39.88%
51091,38.19%
51093,28.59%
51095,31.22%
51097,15.66%
51099,43.34%
51101,39.59%
51103,30.66%
51105,62.89%
51107,17.47%
51109,34.59%
51111,19.95%
51113,40.75%
51115,44.07%
51117,20.74%
51119,37.85%
51121,6.27%
51125,-2.43%
51127,48.96%
51131,6.84%
51133,37.67%
51135,20.59%
51137,41.43%
51139,55.56%
51141,54.66%
51143,45.40%
51145,59.27%
51147,6.59%
51149,21.86%
51153,5.30%
51155,48.85%
51157,23.60%
51159,33.01%
51161,45.35%
51163,34.07%
51165,56.40%
51167,54.13%
51169,68.87%
51171,53.09%
51173,57.75%
51175,20.84%
51177,34.25%
51179,31.16%
51181,-11.10%
51183,-9.03%
51185,66.93%
51187,44.85%
51191,55.63%
51193,26.81%
51195,54.61%
51197,56.89%
51199,37.90%
51600,-1.60%
51620,-10.72%
51760,-46.83%
51770,-4.30%
53001,95.99%
53003,95.36%
53005,94.93%
53007,93.83%
53009,93.57%
53011,93.60%
53013,96.67%
53015,93.89%
53017,95.37%
53019,95.88%
53021,94.91%
53023,97.60%
53025,96.97%
53027,91.18%
53029,93.74%
53031,88.37%
53033,79.59%
53035,92.15%
53037,93.21%
53039,95.37%
53041,96.04%
53043,96.71%
53045,93.80%
53047,89.72%
53049,92.30%
53051,96.10%
53053,91.56%
53055,85.19%
53057,90.78%
53059,92.24%
53061,88.19%
53063,93.77%
53065,95.97%
53067,90.09%
53069,94.03%
53071,94.78%
53073,92.13%
53075,90.41%
53077,94.21%
54001,9.63%
54003,19.04%
54005,-41.30%
54007,-38.32%
54009,-20.32%
54011,-10.86%
54013,-35.07%
54015,-27.88%
54017,61.28%
54019,-32.29%
54021,-32.26%
54023,77.77%
54025,-13.87%
54027,18.04%
54029,-14.06%
54031,-8.20%
54033,-17.50%
54035,14.90%
54037,-11.41%
54039,-19.76%
54041,12.45%
54043,-29.69%
54045,-44.73%
54047,-46.97%
54049,-30.04%
54051,-5.42%
54053,0.75%
54055,7.94%
54057,34.38%
54059,-47.70%
54061,-25.42%
54063,11.35%
54065,48.20%
54067,-9.39%
54069,-6.77%
54071,-13.61%
54073,9.48%
54075,-17.09%
54077,29.08%
54079,15.48%
54081,1.87%
54083,-20.71%
54085,57.23%
54087,1.05%
54089,-22.60%
54091,1.35%
54093,-8.11%
54095,43.95%
54097,37.17%
54099,-20.42%
54101,-44.33%
54103,-32.36%
54105,3.78%
54107,22.83%
54109,-12.28%
55001,16.54%
55003,-19.30%
55005,22.24%
55007,-15.79%
55009,11.61%
55011,14.59%
55013,25.84%
55015,23.60%
55017,15.45%
55019,26.29%
55021,0.97%
55023,-2.98%
55025,-41.75%
55027,28.89%
55029,6.49%
55031,-10.83%
55033,4.34%
55035,-9.67%
55037,43.41%
55039,27.51%
55041,20.66%
55043,4.70%
55045,-2.78%
55047,38.70%
55049,-15.32%
55051,21.66%
55053,2.74%
55055,17.86%
55057,21.66%
55059,0.47%
55061,21.98%
55063,-10.83%
55065,6.15%
55067,27.35%
55069,18.79%
55071,20.09%
55073,19.54%
55075,26.09%
55077,20.14%
55078,-52.11%
55079,-27.73%
55081,12.86%
55083,28.25%
55085,16.10%
55087,13.15%
55089,34.35%
55091,13.55%
55093,9.03%
55095,22.51%
55097,-7.65%
55099,15.42%
55101,10.84%
55103,0.55%
55105,-8.63%
55107,24.89%
55109,21.21%
55111,-4.12%
55113,16.32%
55115,28.22%
55117,23.44%
55119,33.94%
55121,3.34%
55123,-4.44%
55125,26.24%
55127,22.76%
55129,20.18%
55131,47.90%
55133,40.54%
55135,24.88%
55137,31.51%
55139,6.87%
55141,16.67%
56001,-100.00%
56003,-100.00%
56005,-100.00%
56007,-100.00%
56009,-100.00%
56011,-100.00%
56013,-100.00%
56015,-100.00%
56017,-100.00%
56019,-100.00%
56021,55.65%
56023,-100.00%
56025,-100.00%
56027,-100.00%
56029,-100.00%
56031,-100.00%
56033,-100.00%
56035,-100.00%
56037,-100.00%
56039,-100.00%
56041,-100.00%
56043,-100.00%
56045,-100.00%
