fips,3rd Party Effect
01001,0.16
01003,0.1594
01005,0.0538
01007,0.1102
01009,0.1978
01011,0.0002
01013,0.0532
01015,0.1213
01017,0.0656
01019,0.121
01021,0.1756
01023,0.0314
01025,0.065
01027,0.143
01029,0.1986
01031,0.2027
01033,0.0458
01035,0.0001
01037,0.061
01039,0.1919
01041,0.0877
01043,0.1669
01045,0.1565
01047,0.0167
01049,0.1605
01051,0.1504
01053,0.1062
01055,0.1249
01057,0.1499
01059,0.0375
01061,0.1804
01063,0.0008
01065,0.0006
01067,0.1233
01069,0.2058
01071,0.1382
01073,0.0675
01075,0.1263
01077,0.1241
01079,0.0828
01081,0.1362
01083,0.1659
01085,0
01087,0.0004
01089,0.1183
01091,0.012
01093,0.1368
01095,0.1597
01097,0.0813
01099,0.0582
01101,0.0369
01103,0.1634
01105,0.0042
01107,0.0299
01109,0.0928
01111,0.0858
01113,0.0098
01115,0.2002
01117,0.2321
01119,0.007
01121,0.0738
01123,0.1006
01125,0.1114
01127,0.1099
01129,0.0127
01131,0.0017
01133,0.1399
04001,0.0102
04003,0.0051
04005,0.0294
04007,0.0021
04009,0.0352
04011,0.0022
04012,0.0006
04013,0.0017
04015,0.0118
04017,0.008
04019,0.0019
04021,0.0001
04023,0.0127
04025,0.0209
04027,0.0043
05001,0.1746
05003,0.0015
05005,0.1317
05007,0.2311
05009,0.1772
05011,0.111
05013,0.0049
05015,#DIV/0!
05017,0.0026
05019,0.0883
05021,0.0055
05023,0.2456
05025,0.1716
05027,0.1322
05029,0.0124
05031,0.1488
05033,0.2278
05035,0.0152
05037,0.1185
05039,0.0042
05041,0.0133
05043,0.0483
05045,0.1721
05047,0.1624
05049,0.0087
05051,0.1429
05053,0.2005
05055,0.1611
05057,0.1701
05059,0.0823
05061,0.158
05063,0.1878
05065,0.1109
05067,0.0709
05069,0
05071,0.0776
05073,0.0421
05075,0.0002
05077,0.0152
05079,0.0807
05081,0.0187
05083,0.1391
05085,0.2387
05087,0.0001
05089,0.1434
05091,0.2203
05093,0.0676
05095,0.0108
05097,0.1365
05099,0.0059
05101,0.2057
05103,0.0466
05105,0.0334
05107,0.0098
05109,0.1556
05111,0.1465
05113,0.2021
05115,0.174
05117,0.0328
05119,0.0653
05121,0.0828
05125,0.2177
05127,0.1329
05129,0.2053
05131,0.1696
05133,0.1398
05135,0.1249
05137,0.093
05139,0.0029
05141,0.116
05143,0.0673
05145,0.2497
05147,0.0089
05149,0.0854
06001,0.134
06003,0.0726
06005,0.0192
06007,0.0714
06009,0.0217
06011,0.0172
06013,0.0549
06015,0.0613
06017,0.0199
06019,0.0156
06021,0.0101
06023,0.2249
06025,0.0335
06027,0.0389
06029,0.0057
06031,0.0068
06033,0.0813
06035,0.009
06037,0.0852
06039,0.0101
06041,0.0901
06043,0.0183
06045,0.2019
06047,0.0339
06049,0.007
06051,0.0628
06053,0.0599
06055,0.0424
06057,0.0925
06059,0.0234
06061,0.0138
06063,0.0319
06065,0.023
06067,0.0484
06069,0.0404
06071,0.0335
06073,0.0421
06075,0.1491
06077,0.0276
06079,0.037
06081,0.0663
06083,0.0658
06085,0.0529
06087,0.1816
06089,0.0137
06091,0.04
06093,0.047
06095,0.0634
06097,0.1073
06099,0.032
06101,0.0133
06103,0.0168
06105,0.0703
06107,0.0082
06109,0.0242
06111,0.0412
06113,0.1027
06115,0.0298
08001,0.3772
08003,0.4222
08005,0.2847
08007,0.426
08009,0.2331
08011,0.2304
08013,0.4055
08014,0.4123
08015,0.433
08017,0.1975
08019,0.309
08021,0.1652
08023,0.0699
08025,0.2664
08027,0.3244
08029,0.4928
08031,0.2995
08033,0.5377
08035,0.2505
08037,0.4151
08039,0.3819
08041,0.3775
08043,0.3379
08045,0.3915
08047,0.4906
08049,0.4429
08051,0.598
08053,0.5917
08055,0.3811
08057,0.1975
08059,0.3623
08061,0.0816
08063,0.3512
08065,0.5729
08067,0.4117
08069,0.4536
08071,0.3248
08073,0.1696
08075,0.2268
08077,0.3371
08079,0.3719
08081,0.3265
08083,0.4562
08085,0.3039
08087,0.307
08089,0.2987
08091,0.4155
08093,0.4381
08095,0.3853
08097,0.299
08099,0.0963
08101,0.2256
08103,0.4793
08105,0.3098
08107,0.4076
08109,0.6778
08111,0.5048
08113,0.6195
08115,0.1452
08117,0.3635
08119,0.403
08121,0.2976
08123,0.3749
08125,0.179
09001,0.0007
09003,0.0688
09005,0.0011
09009,0.1362
09011,0.1502
09013,0.0077
09015,0.1458
10001,0.0016
10003,0.0134
10005,0.0003
12001,0.0036
12003,0.0342
12005,0.0724
12007,0.0237
12009,0.041
12011,0.0002
12013,0.0004
12015,0.0364
12017,0.0312
12019,0.0944
12021,0.1088
12023,0.0412
12027,0.0037
12029,0.0025
12031,0.0221
12033,0.058
12035,0.022
12037,0.001
12039,0.0029
12041,0.026
12043,0.0041
12045,0.0234
12047,0.001
12049,0.0408
12051,0.0202
12053,0.0176
12055,0.0594
12057,0.021
12059,0.0406
12061,0.0655
12063,0.0036
12065,0.0005
12067,0
12069,0.0509
12071,0.0603
12073,0
12075,0.0162
12077,0.0369
12079,0.0002
12081,0.0444
12083,0.0297
12085,0.0614
12086,0.07
12087,0.0028
12089,0.0783
12091,0.126
12093,0.0144
12095,0.0117
12097,0.0063
12099,0.0049
12101,0.0244
12103,0.0104
12105,0.0382
12107,0.0028
12109,0.0774
12111,0.0055
12113,0.1128
12115,0.0326
12117,0.0385
12119,0.0736
12121,0.018
12123,0.0002
12125,0.0054
12127,0.0116
12129,0.0096
12131,0.0847
12133,0.05
13001,0.1935
13003,0.0505
13005,0.1448
13007,0.0216
13009,0.0383
13011,0.1742
13013,0.1774
13015,0.1377
13017,0.0473
13019,0.1068
13021,0.0457
13023,0.1748
13025,0.1618
13027,0.0628
13029,0.1696
13031,0.1134
13033,0.0752
13035,0.1257
13037,0.0241
13039,0.0881
13043,0.1078
13045,0.1332
13047,0.1764
13049,0.1189
13051,0.0428
13053,0.0352
13055,0.0903
13057,0.2074
13059,0.0006
13061,0.0287
13063,0.001
13065,0.114
13067,0.0967
13069,0.082
13071,0.1287
13073,0.1946
13075,0.0751
13077,0.1719
13079,0.0918
13081,0.0918
13083,0.1822
13085,0.203
13087,0.0678
13089,0
13091,0.1176
13093,0.0378
13095,0.0134
13097,0.0433
13099,0.0559
13101,0.0803
13103,0.1986
13105,0.1092
13107,0.1145
13109,0.1625
13111,0.117
13113,0.1503
13115,0.1374
13117,0.2224
13119,0.1852
13121,0.0189
13123,0.1291
13125,0.117
13127,0.1148
13129,0.1326
13131,0.1163
13133,0.1615
13135,0.0917
13137,0.1932
13139,0.2111
13141,0.0003
13143,0.1542
13145,0.1959
13147,0.1533
13149,0.1017
13151,0.0637
13153,0.132
13155,0.0868
13157,0.1957
13159,0.1208
13161,0.1502
13163,0.0404
13165,0.0809
13167,0.0904
13169,0.088
13171,0.1193
13173,0.0681
13175,0.1196
13177,0.119
13179,0.018
13181,0.1295
13183,0.0643
13185,0.0718
13187,0.1691
13189,0.1222
13191,0.0596
13193,0.0232
13195,0.1401
13197,0.0371
13199,0.0767
13201,0.0801
13205,0.0432
13207,0.1722
13209,0.1322
13211,0.1718
13213,0.0875
13215,0.0439
13217,0.0523
13219,0.1995
13221,0.0997
13223,0.1526
13225,0.0756
13227,0.17
13229,0.2578
13231,0.2037
13233,0.0905
13235,0.109
13237,0.126
13239,0.0451
13241,0.1384
13243,0.0189
13245,0.0276
13247,0.0262
13249,0.1888
13251,0.0808
13253,0.0794
13255,0.1188
13257,0.1818
13259,0.0163
13261,0.0492
13263,0.0136
13265,0.0141
13267,0.1606
13269,0.0753
13271,0.0775
13273,0.035
13275,0.1313
13277,0.1276
13279,0.1931
13281,0.1371
13283,0.0674
13285,0.1045
13287,0.0666
13289,0.0317
13291,0.1589
13293,0.0973
13295,0.1659
13297,0.2023
13299,0.1524
13301,0.059
13303,0.0539
13305,0.1556
13307,0.076
13309,0.1053
13311,0.1631
13313,0.1199
13315,0.0928
13317,0.0692
13319,0.0482
13321,0.0959
15001,0.2469
15003,0.0521
15007,0.1923
15009,0.2714
16001,0.2059
16003,0.2147
16005,0.319
16007,0.504
16009,0.3493
16011,0.5915
16013,0.0346
16015,0.2204
16017,0.217
16019,0.5467
16021,0.2158
16023,0.4721
16025,0.234
16027,0.3379
16029,0.5676
16031,0.5259
16033,0.4893
16035,0.2129
16037,0.2574
16039,0.1993
16041,0.6067
16043,0.6347
16045,0.2859
16047,0.3477
16051,0.6501
16053,0.3547
16055,0.3319
16057,0.0516
16059,0.2868
16061,0.2664
16063,0.3101
16065,0.7358
16067,0.4199
16069,0.2105
16071,0.6327
16073,0.2742
16075,0.3071
16077,0.4593
16079,0.2169
16081,0.1045
16083,0.3626
16085,0.1509
16087,0.2942
17001,0.1275
17003,0.0122
17005,0.0237
17007,0.0392
17009,0.0557
17011,0.0214
17013,0.0105
17015,0.0922
17017,0.0149
17019,0.0028
17021,0.0268
17023,0.0732
17025,0.0644
17027,0.0558
17029,0.0398
17033,0.088
17035,0.0767
17037,0
17041,0.1417
17043,0.0092
17045,0.1129
17047,0.1461
17049,0.1334
17051,0.0659
17053,0.1559
17055,0.0002
17057,0
17059,0.0578
17061,0.0313
17063,0.0037
17065,0.0197
17067,0.108
17069,0.0226
17071,0.0404
17073,0.0663
17075,0.1176
17077,0.0088
17079,0.0884
17081,0.0329
17083,0.0251
17087,0.1034
17089,0.0029
17091,0.0088
17093,0.0058
17095,0.0049
17097,0.0022
17099,0.0016
17101,0.0522
17103,0.0396
17105,0.1815
17107,0.1286
17109,0.0283
17111,0.0128
17113,0.0311
17115,0.0278
17117,0
17119,0.0002
17121,0.0232
17123,0.0795
17125,0.0239
17127,0.078
17129,0.1198
17131,0.0348
17133,0.0497
17135,0.0392
17137,0.0807
17139,0.1007
17141,0.0735
17143,0.022
17145,0.0199
17147,0.0978
17149,0.0774
17151,0.0591
17153,0.0286
17155,0.0029
17157,0.0064
17159,0.0531
17161,0.0003
17163,0.0001
17165,0.0189
17167,0.048
17169,0.0571
17171,0.0886
17173,0.0818
17175,0.1134
17177,0.0797
17179,0.0757
17181,0.0102
17183,0.0333
17185,0.0962
17187,0.0706
17189,0.0828
17191,0.112
17193,0.0371
17195,0.0079
17197,0.0004
17199,0.0108
17201,0.0106
17203,0.1997
18001,0.1343
18003,0.0369
18005,0.0443
18007,0.0694
18009,0.0175
18011,0.0757
18013,0.0028
18015,0.0614
18017,0.0138
18019,0.0025
18021,0.0157
18023,0.0644
18025,0.0005
18027,0.0469
18029,0.0304
18031,0.0565
18033,0.0798
18035,0.0001
18037,0.0045
18039,0.0683
18041,0.0011
18043,0.0044
18045,0.0434
18047,0.0392
18049,0.0345
18051,0.0144
18053,0.0563
18055,0.0075
18057,0.0587
18059,0.0574
18061,0.0144
18063,0.0509
18065,0.0155
18067,0.0183
18069,0.0825
18071,0.0246
18073,0.0218
18075,0.0392
18077,0.0036
18079,0.0128
18081,0.0449
18083,0.0022
18085,0.1013
18087,0.1139
18089,0.0222
18091,0.0046
18093,0.0261
18095,0.0032
18097,0.002
18099,0.0445
18101,0.0117
18103,0.0507
18105,0.0449
18107,0.0716
18109,0.0503
18111,0.0123
18113,0.0733
18115,0.0175
18117,0.0233
18119,0.0032
18121,0.0172
18123,0.0049
18125,0.0072
18127,0.0065
18129,0.007
18131,0.0417
18133,0.0399
18135,0.0376
18137,0.0381
18139,0.0519
18141,0
18143,0.0031
18145,0.0351
18147,0.011
18149,0.0002
18151,0.0471
18153,0.0044
18155,0
18157,0.0046
18159,0.0603
18161,0.0384
18163,0.003
18165,0.0163
18167,0.0112
18169,0.0626
18171,0.0277
18173,0.018
18175,0.0143
18177,0.0114
18179,0.1576
18181,0.0329
18183,0.1106
19001,0.0575
19003,0.0628
19005,0.0235
19007,0.0576
19009,0.0587
19011,0.0603
19013,0.0048
19015,0.0425
19017,0.047
19019,0.0062
19021,0.0783
19023,0.0507
19025,0.0534
19027,0.0558
19029,0.1053
19031,0.0329
19033,0.0186
19035,0.0904
19037,0.0265
19039,0.0382
19041,0.0699
19043,0.0132
19045,0.0059
19047,0.031
19049,0.1989
19051,0.0579
19053,0.0807
19055,0.0393
19057,0.011
19059,0.0695
19061,0.0046
19063,0.0449
19065,0.0215
19067,0.0189
19069,0.0838
19071,0.0179
19073,0.0439
19075,0.159
19077,0.1006
19079,0.0802
19081,0.1873
19083,0.1187
19085,0.0807
19087,0.0949
19089,0.0027
19091,0.0879
19093,0.1672
19095,0.0648
19097,0.0089
19099,0.0442
19101,0.0003
19103,0.0004
19105,0.0234
19107,0.09
19109,0.1051
19111,0.002
19113,0.0151
19115,0.0652
19117,0.121
19119,0.3895
19121,0.1268
19123,0.2148
19125,0.1627
19127,0.0336
19129,0.1269
19131,0.0587
19133,0.0853
19135,0.058
19137,0.0898
19139,0.0293
19141,0.289
19143,0.2339
19145,0.1187
19147,0.0241
19149,0.1368
19151,0.1198
19153,0.0639
19155,0.0298
19157,0.0176
19159,0.0889
19161,0.1104
19163,0.03
19165,0.0733
19167,0.6082
19169,0.0899
19171,0.0124
19173,0.0949
19175,0.0399
19177,0.1409
19179,0.0163
19181,0.0941
19183,0.1072
19185,0.1441
19187,0.0176
19189,0.0716
19191,0.005
19193,0.0308
19195,0.0032
19197,0.0381
21001,0.0362
21003,0.027
21005,0.0184
21007,0.1027
21009,0.0323
21011,0.0899
21013,0
21015,0.0329
21017,0.0345
21019,0.0254
21021,0.0038
21023,0.0629
21025,0.2903
21027,0.0019
21029,0.0036
21031,0.0878
21033,0.0738
21035,0.042
21037,0.0025
21039,0.1231
21041,0.1078
21043,0.0091
21045,0.0907
21047,0.013
21049,0.0087
21051,0.0598
21053,0.1112
21055,0.0067
21057,0.1373
21059,0.0134
21061,0.0155
21063,0.2891
21065,0.0106
21067,0.0141
21069,0.0296
21071,0.2917
21073,0.0973
21075,0.0469
21077,0.038
21079,0.0302
21081,0.0005
21083,0.0926
21085,0.0215
21087,0.0236
21089,0.0246
21091,0.0198
21093,0.0066
21095,0.1811
21097,0.0565
21099,0.062
21101,0.0747
21103,0.0401
21105,0.0041
21107,0.0761
21109,0.0937
21111,0.0235
21113,0.0095
21115,0.0019
21117,0.0006
21119,0.3535
21121,0.0243
21123,0.0399
21125,0.0727
21127,0.0092
21129,0
21131,0.1436
21133,0.2024
21135,0.103
21137,0
21139,0.1003
21141,0.0355
21143,0.0359
21145,0.0107
21147,0.0522
21149,0.0424
21151,0.0105
21153,0.0616
21155,0.0845
21157,0.0496
21159,0.0225
21161,0.0246
21163,0.0375
21165,0.0643
21167,0.0156
21169,0.0109
21171,0.0737
21173,0.0292
21175,0.2778
21177,0.0704
21179,0.0318
21181,0.1345
21183,0
21185,0.0363
21187,0.0587
21189,0
21191,0.0041
21193,0.1384
21195,0.2235
21197,0.0771
21199,0.0881
21201,0.2349
21203,0.0876
21205,0.0541
21207,0.0764
21209,0.0021
21211,0.0006
21213,0.0225
21215,0.0068
21217,0.0139
21219,0.1016
21221,0.0058
21223,0.1245
21225,0.2275
21227,0.0088
21229,0.0131
21231,0.037
21233,0.2309
21235,0.0893
21237,0.1957
21239,0.013
23005,0.3087
23007,0.4445
23009,0.36
23013,1
23015,0.3087
23017,0.4445
23019,0.64
23027,#DIV/0!
23029,0.4445
23031,0.3543
24001,0.0011
24003,0
24005,0.0156
24009,0.0022
24011,0.0017
24013,0.0172
24015,0.0021
24017,0.0063
24019,0
24021,0.0013
24023,0.0384
24025,0.001
24027,0.0022
24029,0.0014
24031,0.015
24033,0.035
24035,0.0057
24037,0.0051
24039,0.0019
24041,0.0088
24043,0.005
24045,0.0003
24047,0
24510,0.0714
25001,0.0052
25009,0.0033
25011,0.0008
25013,0.0012
25019,0.0408
25021,0
25023,0.0058
25027,0.0535
26001,0.0265
26003,0.0012
26005,0.091
26007,0.018
26009,0.0276
26011,0.0087
26013,0.0096
26015,0.0539
26017,0.0011
26019,0.0002
26021,0.0463
26023,0.0639
26025,0.0169
26027,0.0545
26029,0.0221
26031,0.0196
26033,0.0127
26035,0.0155
26037,0.0351
26039,0.0149
26041,0.0167
26043,0.0504
26045,0.0085
26047,0.0146
26049,0.0051
26051,0.0201
26053,0.0012
26055,0.0064
26057,0.0176
26059,0.0758
26061,0.0124
26063,0.0489
26065,0.0057
26067,0.0358
26069,0.0048
26071,0.0154
26073,0.0007
26075,0.022
26077,0.0007
26079,0.0147
26081,0.031
26083,0.0035
26085,0.0062
26087,0.0204
26089,0.005
26091,0.0416
26093,0.0453
26095,0.0166
26097,0.0171
26099,0.0029
26101,0.0034
26103,0.0023
26105,0.0263
26107,0.0317
26109,0.0184
26111,0.0563
26113,0.0781
26115,0.0221
26117,0.0347
26119,0.0342
26121,0.0031
26123,0.0874
26125,0.0065
26127,0.0737
26129,0.0102
26131,0.0072
26133,0.0499
26135,0.0383
26137,0.0242
26139,0.1544
26141,0.0289
26143,0.0115
26145,0.0059
26147,0.0405
26149,0.0606
26151,0.048
26153,0.0124
26155,0.0037
26157,0.0257
26159,0.0168
26161,0.0151
26163,0.0057
26165,0.0205
28001,0.028
28003,0.1302
28005,0.0667
28007,0.0582
28009,0.0471
28011,0.0114
28013,0.0778
28015,0.0751
28017,0.032
28019,0.1041
28021,0.001
28023,0.0925
28025,0.026
28027,0.0001
28029,0.0246
28031,0.0622
28033,0.1622
28035,0.0749
28037,0.079
28039,0.1887
28041,0.1415
28043,0.0465
28045,0.0809
28047,0.0786
28049,0.0069
28051,0.0002
28053,0.0008
28055,0.0061
28057,0.1935
28059,0.105
28061,0.0289
28063,0.0008
28067,0.1067
28069,0.0246
28071,0.076
28073,0.1681
28075,0.1149
28077,0.0458
28079,0.0483
28081,0.1666
28083,0.022
28085,0.1163
28087,0.0779
28089,0.1068
28091,0.094
28093,0.0455
28095,0.0848
28097,0.0546
28099,0.111
28101,0.13
28103,0.0111
28105,0.0984
28107,0.0303
28109,0.1502
28111,0.0954
28113,0.0473
28115,0.1882
28117,0.1199
28119,0.0006
28121,0.1532
28123,0.0489
28125,0.0105
28127,0.0722
28129,0.0926
28131,0.1697
28133,0.0035
28135,0.0088
28137,0.1347
28139,0.1461
28141,0.1226
28143,0.0059
28145,0.1875
28147,0.0445
28149,0.0508
28151,0.0122
28153,0.0663
28155,0.138
28157,0.011
28159,0.0711
28161,0.0321
28163,0.0379
29001,0.0238
29003,0.0666
29005,0.0877
29007,0.0847
29009,0.1273
29011,0.25
29013,0.0415
29015,0.0498
29017,0.1399
29019,0.0016
29021,0.0124
29023,0.0928
29025,0.0766
29027,0.0592
29029,0.0527
29031,0.1224
29033,0.0721
29035,0.0686
29037,0.0604
29039,0.1262
29041,0.0649
29043,0.1485
29045,0.0724
29047,0.0173
29049,0.0402
29051,0.0725
29053,0.098
29055,0.0452
29057,0.1646
29059,0.0976
29061,0.0478
29063,0.0732
29065,0.0708
29067,0.073
29069,0.0424
29071,0.0453
29073,0.0791
29075,0.091
29077,0.0446
29079,0.0756
29081,0.1194
29083,0.0607
29085,0.0646
29087,0.1094
29089,0.057
29091,0.0733
29093,0.0237
29095,0
29097,0.1352
29099,0.006
29101,0.0443
29103,0.0799
29105,0.1122
29107,0.0557
29109,0.1532
29111,0.0662
29113,0.0427
29115,0.0582
29117,0.0749
29119,0.1276
29121,0.0786
29123,0.0663
29125,0.0611
29127,0.1089
29129,0.0618
29131,0.114
29133,0.0608
29135,0.1334
29137,0.1016
29139,0.077
29141,0.0675
29143,0.0419
29145,0.174
29147,0.0621
29149,0.056
29151,0.121
29153,0.0771
29155,0.0386
29157,0.126
29159,0.0529
29161,0.0463
29163,0.0575
29165,0.0251
29167,0.1685
29169,0.044
29171,0.078
29173,0.0721
29175,0.0666
29177,0.0288
29179,0.0186
29181,0.1034
29183,0.0323
29185,0.059
29186,0.0154
29187,0.0257
29195,0.0308
29197,0.0301
29199,0.0647
29201,0.0823
29203,0.0316
29205,0.095
29207,0.1016
29209,0.1099
29211,0.0754
29213,0.0941
29215,0.0743
29217,0.0603
29219,0.0535
29221,0.0361
29223,0.0701
29225,0.1343
29227,0.0743
29229,0.1302
29510,0.0653
30001,0.0013
30003,0.0347
30005,0.0686
30007,0.0013
30009,0.018
30011,0.0178
30013,0.0127
30015,0
30017,0.0051
30019,0.002
30021,0.0011
30023,0.0683
30025,0.0136
30027,0.001
30029,0.0096
30031,0.0497
30033,0.0068
30035,0.1655
30037,0.0009
30039,0.0136
30041,0.0376
30043,0.0134
30045,0.0028
30047,0.0252
30049,0.0421
30051,0.0001
30053,0.0091
30055,0
30057,0
30059,0.001
30061,0.0062
30063,0.1406
30065,0.0014
30067,0.0545
30069,0.0001
30071,0.0021
30073,0.0012
30075,0.0069
30077,0.0045
30079,0.0001
30081,0.001
30083,0.0025
30085,0.0405
30087,0.0185
30089,0.0051
30091,0.0061
30093,0.0766
30095,0.0002
30097,0.0007
30099,0.022
30101,0.0018
30103,0.0075
30105,0.0013
30107,0.0003
30109,0.0083
30111,0.0044
31001,0.043
31003,0.062
31005,0.1092
31007,0.0836
31009,0.0246
31011,0.0829
31013,0.0419
31015,0.048
31017,0.0238
31019,0.0339
31021,0.0309
31023,0.0812
31025,0.0696
31027,0.137
31029,0.039
31031,0.0723
31033,0.0441
31035,0.0463
31037,0.0557
31039,0.0668
31041,0.0703
31043,0.0198
31045,0.0333
31047,0.0539
31049,0.0308
31051,0.1011
31053,0.041
31055,0.0102
31057,0.073
31059,0.0586
31061,0.0361
31063,0.0458
31065,0.0462
31067,0.1013
31069,0.0216
31071,0.0692
31073,0.0316
31075,0.0573
31077,0.113
31079,0.0402
31081,0.1327
31083,0.0945
31085,0.0642
31087,0.041
31089,0.0499
31091,0.0352
31093,0.0477
31095,0.042
31097,0.0451
31099,0.0428
31101,0.0448
31103,0.0252
31105,0.0341
31107,0.0815
31109,0.0197
31111,0.044
31113,0.0868
31115,0.0389
31117,0.0851
31119,0.0595
31121,0.107
31123,0.0453
31125,0.0404
31127,0.0723
31129,0.0341
31131,0.0705
31133,0.0585
31135,0.1116
31137,0.0813
31139,0.0641
31141,0.0638
31143,0.0927
31145,0.0369
31147,0.0552
31149,0.0537
31151,0.0332
31153,0.0301
31155,0.0492
31157,0.0623
31159,0.0976
31161,0.0286
31163,0.0392
31165,0.093
31167,0.112
31169,0.0727
31171,0.0396
31173,0.0276
31175,0.0452
31177,0.0518
31179,0.0795
31181,0.0416
31183,0.0711
31185,0.0776
32001,0.2798
32003,0.1163
32005,0.3586
32007,0.4883
32009,0.016
32011,0.1894
32013,0.2246
32015,0.1739
32017,0.2616
32019,0.2108
32021,0.0517
32023,0.1279
32027,0.1533
32029,0.1753
32031,0.1911
32033,0.1643
32510,0.2458
33001,0.0234
33003,0.0117
33005,0.0156
33007,0.0001
33009,0.0067
33011,0.0093
33013,0.0029
33015,0.0107
33017,0.0016
33019,0.003
34001,0.014
34003,0.0411
34005,0.0295
34007,0.0627
34009,0.0036
34011,0.0281
34013,0.0434
34015,0.0559
34017,0.0796
34019,0.0017
34021,0.0444
34023,0.0661
34025,0.0276
34027,0.0027
34029,0.0139
34031,0.0301
34033,0.0225
34035,0.0155
34037,0.0064
34039,0.0362
34041,0.0047
35001,0.0898
35003,0.0134
35005,0.0009
35006,0.1092
35007,0.0549
35009,0.0041
35015,0.0092
35017,0.105
35019,0.131
35021,0.0017
35023,0.0535
35025,0.0003
35027,0.0012
35028,0.0425
35029,0.0274
35031,0.1006
35033,0.0957
35035,0.0028
35037,0.0276
35039,0.1215
35041,0.0112
35043,0.0594
35045,0.0074
35047,0.1214
35049,0.1639
35051,0.0328
35053,0.0585
35055,0.2485
35057,0.015
35059,0.0257
35061,0.0482
36001,0.0674
36003,0.0261
36005,0.0744
36007,0.0004
36009,0.0004
36011,0.0014
36013,0.0001
36015,0.0114
36017,0.0116
36019,0.0522
36021,0.0196
36023,0.0005
36025,0.0007
36027,0.0131
36029,0.0359
36031,0.0004
36033,0.0469
36035,0.0153
36037,0.0059
36039,0
36041,0.041
36043,0.0108
36045,0.0093
36049,0.0258
36051,0.0017
36053,0.009
36055,0.0057
36057,0.0002
36059,0.0029
36063,0.0123
36065,0.0009
36067,0.0002
36069,0.0016
36071,0.009
36073,0.0095
36075,0.0144
36077,0.0007
36079,0.0057
36081,0.0879
36083,0.0175
36087,0.0195
36091,0.0059
36093,0.01
36095,0.0005
36097,0
36099,0.0008
36101,0.0195
36103,0.0065
36105,0.0321
36107,0.013
36109,0.1096
36111,0.0887
36113,0.0079
36115,0.0057
36117,0.0094
36119,0.0121
36121,0.0082
36123,0.0183
37001,0.0209
37003,0.0778
37005,0.0049
37007,0.0058
37009,0.0272
37011,0.1381
37013,0.0271
37015,0.0033
37017,0.0052
37019,0.03
37021,0.0289
37023,0.0193
37025,0.0352
37027,0.0671
37029,0.028
37031,0.0352
37033,0.0002
37035,0.0669
37037,0
37039,0.046
37041,0.0172
37043,0.0723
37045,0.0178
37047,0.0055
37049,0.0276
37051,0
37053,0.0408
37055,0.0002
37057,0.075
37059,0.1332
37061,0.0101
37063,0.0332
37065,0.0045
37067,0.014
37069,0.0082
37071,0.0386
37073,0.0001
37075,0.0406
37077,0
37079,0.0001
37081,0.0021
37083,0.012
37085,0.0233
37087,0.0015
37089,0.0726
37091,0.0181
37093,0.0053
37095,0.0249
37097,0.0597
37099,0.0054
37101,0.0388
37103,0
37105,0.0067
37107,0.0029
37109,0.0686
37111,0.0398
37113,0.0423
37115,0.0138
37117,0.0001
37119,0.0035
37121,0.1021
37123,0.0052
37125,0.0833
37127,0.0107
37129,0.0027
37131,0.0145
37133,0.0439
37135,0.0551
37137,0.0045
37139,0.0024
37141,0.0167
37143,0.0193
37145,0
37147,0.0028
37149,0.0146
37151,0.107
37153,0.0043
37155,0.0371
37157,0.0255
37159,0.0501
37161,0.0193
37163,0.0242
37165,0.0015
37167,0.0492
37169,0.0729
37171,0.0431
37173,0.0023
37175,0.0328
37177,0.0017
37179,0.086
37181,0.0158
37183,0.0043
37185,0.0136
37187,0.0048
37189,0.0052
37191,0.0159
37193,0.0817
37195,0.0071
37197,0.1316
37199,0.0016
39001,0.0884
39003,0.1467
39005,0.1779
39007,0.0184
39009,0.0216
39011,0.2067
39013,0.013
39015,0.0847
39017,0.1018
39019,0.0627
39021,0.132
39023,0.0637
39025,0.1282
39027,0.1385
39029,0.0552
39031,0.0803
39033,0.1421
39035,0.0039
39037,0.169
39039,0.1404
39041,0.2397
39043,0.0217
39045,0.1475
39047,0.1648
39049,0.0309
39051,0.158
39053,0.0757
39055,0.1443
39057,0.106
39059,0.0723
39061,0.0624
39063,0.1814
39065,0.1537
39067,0.0205
39069,0.184
39071,0.0967
39073,0.0588
39075,0.2232
39077,0.08
39079,0.0784
39081,0.0079
39083,0.1631
39085,0.0563
39087,0.0612
39089,0.1397
39091,0.176
39093,0.0198
39095,0.0079
39097,0.1955
39099,0.001
39101,0.0974
39103,0.1068
39105,0.0701
39107,0.2324
39109,0.1548
39111,0.002
39113,0.0419
39115,0.1108
39117,0.1822
39119,0.1027
39121,0.0646
39123,0.0439
39125,0.1648
39127,0.0668
39129,0.1442
39131,0.0246
39133,0.0155
39135,0.1106
39137,0.3003
39139,0.112
39141,0.0639
39143,0.0842
39145,0.0212
39147,0.0968
39149,0.1726
39151,0.0595
39153,0.0967
39155,0.0007
39157,0.0349
39159,0.2369
39161,0.2146
39163,0.0306
39165,0.1596
39167,0.0814
39169,0.1662
39171,0.1719
39173,0.0528
39175,0.1353
40001,0.0004
40003,0.177
40005,0.0221
40007,0.3452
40009,0.0378
40011,0.0594
40013,0
40015,0.0011
40017,0.1307
40019,0.0073
40021,0.0044
40023,0.0371
40025,0.2482
40027,0.0233
40029,0.1386
40031,0.0148
40033,0.0027
40035,0.0029
40037,0.0703
40039,0.0663
40041,0.0199
40043,0.0628
40045,0.1432
40047,0.1334
40049,0.0011
40051,0.0482
40053,0.1007
40055,0.0391
40057,0.0071
40059,0.1282
40061,0.03
40063,0.0329
40065,0.0715
40067,0.0118
40069,0.0139
40071,0.0753
40073,0.1664
40075,0.0003
40077,0.091
40081,0.0492
40083,0.1264
40085,0.0249
40087,0.0711
40089,0.0184
40091,0.0099
40093,0.2746
40095,0.0004
40097,0.007
40099,0.0132
40101,0
40103,0.0615
40105,0.0185
40107,0.0013
40109,0.0449
40111,0.001
40113,0.0165
40115,0.0008
40117,0.0222
40119,0.0331
40121,0.028
40123,0.0002
40125,0.0237
40127,0.0487
40129,0.0078
40131,0.0994
40133,0
40135,0.0003
40137,0.0363
40139,0.188
40141,0.0112
40143,0.069
40145,0.0946
40147,0.1484
40149,0.0095
40151,0.1114
40153,0.1114
41001,0.0075
41003,0.103
41005,0.0214
41007,0.0605
41009,0.0442
41011,0.0331
41013,0.0004
41015,0.0116
41017,0.016
41019,0.0048
41021,0.0005
41023,0.0001
41025,0.0006
41027,0.0798
41029,0.0337
41031,0.0013
41033,0.0068
41035,0
41037,0.0038
41039,0.1007
41041,0.0582
41043,0.0089
41045,0.0029
41047,0.01
41049,0.0022
41051,0.1727
41053,0.0078
41055,0.0019
41057,0.0338
41059,0.0002
41061,0.0001
41063,0.0008
41065,0.0314
41067,0.0436
41069,0.0006
41071,0.008
42001,0.0121
42003,0.0147
42005,0.0007
42007,0.0016
42009,0.0274
42011,0.0013
42013,0.0138
42015,0.0221
42017,0.0001
42019,0.0178
42021,0.0106
42023,0.0044
42025,0.0079
42027,0.0002
42029,0.0092
42031,0.0099
42033,0.0003
42035,0.0003
42037,0.0032
42039,0.0095
42041,0.0196
42043,0.0028
42045,0.0017
42047,0.007
42049,0.004
42051,0.0111
42053,0.0049
42055,0.0323
42057,0.0244
42059,0.0068
42061,0.0117
42063,0.0009
42065,0.0089
42067,0.0313
42069,0.0348
42071,0.0395
42073,0.0004
42075,0.0311
42077,0.0006
42079,0.0194
42081,0.0095
42083,0.0116
42085,0.0044
42087,0.0274
42089,0.0085
42091,0
42093,0.0027
42095,0.0055
42097,0.0011
42099,0.027
42101,0.0811
42103,0.0002
42105,0.0152
42107,0.0003
42109,0.0472
42111,0.0055
42113,0.0049
42115,0.0172
42117,0.0203
42119,0.0211
42121,0.0163
42123,0.0145
42125,0.0005
42127,0.0037
42129,0.0002
42131,0.0043
42133,0.0089
44001,0.0394
44005,0.0762
44007,0.1828
45001,0.1334
45003,0.1895
45005,0.0051
45007,0.2355
45009,0.0273
45011,0.0854
45013,0.1759
45015,0.1301
45017,0.0935
45019,0.0802
45021,0.1662
45023,0.0615
45025,0.0987
45027,0.0827
45029,0.0768
45031,0.0885
45033,0.0949
45035,0.1477
45037,0.1637
45039,0.0367
45041,0.1002
45043,0.0968
45045,0.2128
45047,0.1864
45049,0.0334
45051,0.0963
45053,0.0708
45055,0.146
45057,0.1698
45059,0.1699
45061,0.0173
45063,0.2236
45065,0.124
45067,0.0256
45069,0.0338
45071,0.1602
45073,0.2734
45075,0.0181
45077,0.2672
45079,0.0383
45081,0.1837
45083,0.1905
45085,0.0709
45087,0.1109
45089,0.0159
45091,0.1611
46003,0.0123
46005,0.0063
46007,0.0078
46009,0.0012
46011,0.0036
46013,0.0062
46015,0.0171
46017,0.0687
46019,0.0061
46021,0.0193
46023,0.0086
46025,0.0013
46027,0.041
46029,0.0004
46031,0.0473
46033,0.0052
46035,0.0008
46037,0.015
46039,0.0002
46041,0.1455
46043,0.0517
46045,0.0006
46047,0.0017
46049,0
46051,0.0001
46053,0.0064
46055,0.006
46057,0.0293
46059,0.009
46061,0.0015
46063,0.0115
46065,0.017
46067,0.0311
46069,0.0026
46071,0.0011
46073,0.0002
46075,0.0109
46077,0.0028
46079,0.0047
46081,0.0007
46083,0.0001
46085,0.0017
46087,0.0034
46089,0.039
46091,0.0086
46093,0.0027
46095,0.0577
46097,0.007
46099,0.0101
46101,0.011
46103,0.0002
46105,0.0106
46107,0.02
46109,0.0566
46111,0
46115,0.0036
46117,0.0015
46119,0.0027
46121,0.1624
46123,0.0004
46125,0.0001
46127,0
46129,0.0119
46135,0.0083
46137,0.0801
47001,0.0885
47003,0.1088
47005,0.0617
47007,0.0886
47009,0.1602
47011,0.2136
47013,0.106
47015,0.081
47017,0.1349
47019,0.1526
47021,0.0942
47023,0.1889
47025,0.0882
47027,0.0541
47029,0.1159
47031,0.1297
47033,0.1367
47035,0.1639
47037,0.0139
47039,0.0852
47041,0.0745
47043,0.1058
47045,0.1388
47047,0.1692
47049,0.1355
47051,0.0766
47053,0.1576
47055,0.0898
47057,0.1458
47059,0.1442
47061,0.046
47063,0.1662
47065,0.1088
47067,0.1302
47069,0.0478
47071,0.0988
47073,0.1388
47075,0.065
47077,0.168
47079,0.1057
47081,0.0954
47083,0.0543
47085,0.051
47087,0.0791
47089,0.1641
47091,0.1467
47093,0.1109
47095,0.0625
47097,0.077
47099,0.058
47101,0.0682
47103,0.1413
47105,0.2025
47107,0.1674
47109,0.1238
47111,0.0952
47113,0.1516
47115,0.0492
47117,0.094
47119,0.1355
47121,0.0842
47123,0.121
47125,0.0851
47127,0.1461
47129,0.1156
47131,0.154
47133,0.069
47135,0.061
47137,0.119
47139,0.0181
47141,0.1068
47143,0.1702
47145,0.127
47147,0.1506
47149,0.1126
47151,0.1253
47153,0.1096
47155,0.1477
47157,0.0432
47159,0.1038
47161,0.0678
47163,0.1759
47165,0.1852
47167,0.1585
47169,0.0658
47171,0.1205
47173,0.0919
47175,0.0601
47177,0.0716
47179,0.1387
47181,0.1277
47183,0.129
47185,0.0903
47187,0.2545
47189,0.1592
48001,0.3367
48003,0.4793
48005,0.3167
48007,0.2073
48009,0.4011
48011,0.5068
48013,0.173
48015,0.3731
48017,0.4113
48019,0.2655
48021,0.0999
48023,0.3505
48025,0.1686
48027,0.2137
48029,0.0597
48031,0.2999
48033,0.4679
48035,0.3169
48037,0.2784
48039,0.2297
48041,0.2672
48043,0
48045,0.4543
48047,0.0253
48049,0.4053
48051,0.2874
48053,0.2869
48055,0.1048
48057,0.1373
48059,0.3747
48061,0.0001
48063,0.2037
48065,0.4841
48067,0.2901
48069,0.3425
48071,0.3313
48073,0.3423
48075,0.3588
48077,0.4048
48079,0.5828
48081,0.3878
48083,0.4017
48085,0.1962
48087,0.3777
48089,0.327
48091,0.3077
48093,0.3206
48095,0.3655
48097,0.346
48099,0.2335
48101,0.3166
48103,0.4263
48105,0.0241
48107,0.2103
48109,0.0356
48111,0.4067
48113,0.0633
48115,0.4662
48117,0.4025
48119,0.2703
48121,0.1806
48125,0.4164
48127,0.0362
48129,0.3464
48131,0.0233
48133,0.4122
48135,0.294
48137,0.2517
48139,0.2988
48141,0.0018
48143,0.3335
48145,0.2041
48147,0.2979
48149,0.2859
48151,0.0829
48153,0.5541
48155,0.1754
48157,0.145
48159,0.3832
48161,0.3355
48163,0.0175
48165,0.454
48167,0.1795
48169,0.4982
48171,0.3564
48173,0.5814
48175,0.1707
48177,0.3199
48179,0.4122
48181,0.2531
48183,0.2964
48185,0.2793
48187,0.2214
48189,0.4421
48191,0.2791
48193,0.3287
48195,0.5137
48197,0.1677
48199,0.3419
48201,0.1052
48203,0.2579
48205,0.5157
48207,0.2227
48209,0.0465
48211,0.4673
48213,0.3094
48215,0.0022
48217,0.3075
48219,0.4406
48221,0.3278
48223,0.3207
48225,0.3095
48227,0.3221
48229,0.0007
48231,0.3079
48233,0.4125
48235,0.4543
48237,0.34
48239,0.3443
48241,0.2474
48243,0.0821
48245,0.0429
48247,0.0327
48249,0.0003
48251,0.3047
48253,0.3782
48255,0.0231
48257,0.2698
48259,0.3792
48261,0.0201
48263,0.2051
48265,0.3139
48267,0.328
48269,0.3796
48271,0.0599
48273,0.042
48275,0.3732
48277,0.2914
48279,0.4067
48281,0.287
48283,0.0007
48287,0.2459
48289,0.3295
48291,0.2852
48293,0.2467
48295,0.4555
48297,0.3195
48299,0.2787
48301,0.2111
48303,0.2854
48305,0.5585
48307,0.3601
48309,0.2656
48311,0.3449
48313,0.3109
48315,0.1487
48317,0.5141
48319,0.3997
48321,0.188
48323,0.0383
48325,0.2822
48327,0.3024
48329,0.4309
48331,0.238
48333,0.3553
48335,0.3715
48337,0.3398
48339,0.3432
48341,0.4169
48343,0.1648
48345,0.4136
48347,0.2906
48349,0.285
48351,0.0337
48353,0.3461
48355,0.0652
48357,0.5042
48359,0.5758
48361,0.2564
48363,0.3282
48365,0.3343
48367,0.3239
48369,0.5354
48371,0.0188
48373,0.2548
48375,0.2663
48377,0.0837
48379,0.3119
48381,0.4017
48383,0.4908
48385,0.3544
48387,0.2214
48389,0.0692
48391,0.0402
48393,0.4528
48395,0.1679
48397,0.3119
48399,0.3911
48401,0.3522
48403,0.2295
48405,0.2069
48407,0.2725
48409,0.1305
48411,0.3973
48413,0.3733
48415,0.3849
48417,0.4092
48419,0.3525
48421,0.4869
48423,0.3796
48425,0.4129
48427,0.0314
48429,0.3339
48431,0.4583
48433,0.1609
48435,0.4543
48437,0.2686
48439,0.1406
48441,0.3642
48443,0
48445,0.367
48447,0.3469
48449,0.3009
48451,0.316
48453,0.0036
48455,0.2332
48457,0.2722
48459,0.3525
48461,0.2856
48463,0.0253
48465,0.0323
48467,0.3642
48469,0.2286
48471,0.2338
48473,0.2277
48475,0.2194
48477,0.3843
48479,0.0166
48481,0.3078
48483,0.3989
48485,0.2585
48487,0.3418
48489,0.0221
48491,0.1079
48493,0.283
48495,0.3722
48497,0.3127
48499,0.3611
48501,0.5007
48503,0.3699
48505,0.0544
48507,0.0374
49001,0.5781
49003,0.5746
49005,0.2036
49007,0.1126
49009,0.1975
49011,0.4099
49013,0.5119
49015,0.359
49017,0.2055
49019,0.1411
49021,0.2491
49023,0.5373
49025,0.0949
49027,0.6265
49029,0.4531
49031,0.3402
49033,0.7691
49035,0.0025
49037,0.3374
49039,0.3317
49041,0.4335
49043,0.0204
49045,0.1689
49047,0.5079
49049,0.4176
49051,0.2133
49053,0.291
49055,0.1166
49057,0.0386
50001,0.0335
50003,0.211
50007,0.0345
50009,0.1101
50011,0.0752
50013,0.1066
50017,0.052
50021,0.0641
50023,0.0712
50025,0.4182
50027,0.2454
51001,0.0513
51003,0.0198
51005,0.0659
51007,0.0973
51009,0.1227
51011,0.1389
51013,0.0084
51015,0.1559
51017,0.0632
51019,0.2066
51021,0.0761
51023,0.1748
51025,0.0243
51027,0.0246
51029,0.0395
51031,0.1973
51033,0.0372
51035,0.0853
51036,0.0259
51037,0.0508
51041,0.0738
51043,0.0849
51045,0.1001
51047,0.1078
51049,0.0663
51051,0.0303
51053,0.0344
51057,0.0881
51059,0.0298
51061,0.1091
51063,0.0145
51065,0.0507
51067,0.105
51069,0.1233
51071,0.0832
51073,0.0854
51075,0.1507
51077,0.0657
51079,0.0956
51081,0.0157
51083,0.0511
51085,0.151
51087,0.0525
51089,0.0696
51091,0.0592
51093,0.0786
51095,0.1252
51097,0.0411
51099,0.1134
51101,0.1025
51103,0.0844
51105,0.0962
51107,0.0637
51109,0.081
51111,0.0592
51113,0.0823
51115,0.0939
51117,0.0493
51119,0.0566
51121,0.0063
51125,0.004
51127,0.1338
51131,0.0266
51133,0.0939
51135,0.0499
51137,0.0873
51139,0.0754
51141,0.0857
51143,0.0868
51145,0.1751
51147,0.04
51149,0.0515
51153,0.0327
51155,0.0663
51157,0.0293
51159,0.1239
51161,0.1218
51163,0.0829
51165,0.1444
51167,0.0612
51169,0.1202
51171,0.1236
51173,0.0827
51175,0.0661
51177,0.0832
51179,0.0797
51181,0.0203
51183,0.0314
51185,0.0776
51187,0.0855
51191,0.1128
51193,0.0528
51195,0.0453
51197,0.0697
51199,0.1149
51600,0.0262
51620,0.0452
51760,0.0059
51770,0.0098
53001,0.0239
53003,0.0193
53005,0.034
53007,0.0243
53009,0.024
53011,0.0313
53013,0.0185
53015,0.0195
53017,0.0195
53019,0.0127
53021,0.0396
53023,0.0815
53025,0.0187
53027,0.0067
53029,0.0681
53031,0.0228
53033,0.0274
53035,0.0376
53037,0.0129
53039,0.0241
53041,0.0167
53043,0.0268
53045,0.0225
53047,0.0068
53049,0.0109
53051,0.0169
53053,0.0288
53055,0.0349
53057,0.0187
53059,0.0113
53061,0.0252
53063,0.0344
53065,0.019
53067,0.0292
53069,0.0121
53071,0.0257
53073,0.0301
53075,0.0357
53077,0.0131
54001,0.0394
54003,0.0121
54005,0.1944
54007,0.1379
54009,0.0816
54011,0.0391
54013,0.2047
54015,0.1231
54017,0
54019,0.1324
54021,0.1467
54023,0.0004
54025,0.0738
54027,0.0186
54029,0.0765
54031,0.0601
54033,0.0704
54035,0.0175
54037,0.0402
54039,0.0518
54041,0.0379
54043,0.1174
54045,0.2248
54047,0.2142
54049,0.1126
54051,0.0704
54053,0.0408
54055,0.0428
54057,0.009
54059,0.2453
54061,0.0916
54063,0.0338
54065,0.0013
54067,0.0881
54069,0.0387
54071,0.0724
54073,0.0315
54075,0.093
54077,0.0189
54079,0.0159
54081,0.0526
54083,0.0968
54085,0.0007
54087,0.0372
54089,0.0786
54091,0.0488
54093,0.0934
54095,0.0056
54097,0.0047
54099,0.087
54101,0.2174
54103,0.1504
54105,0.0464
54107,0.0088
54109,0.1206
55001,0.0011
55003,0.0386
55005,0.0114
55007,0.0303
55009,0.0086
55011,0.0005
55013,0.0134
55015,0.0326
55017,0.005
55019,0.0138
55021,0
55023,0.0018
55025,0.0592
55027,0.0496
55029,0.0041
55031,0.0133
55033,0
55035,0.0056
55037,0.0211
55039,0.0462
55041,0.0023
55043,0.0004
55045,0.001
55047,0.0474
55049,0.0088
55051,0.0002
55053,0.0027
55055,0.0211
55057,0.0018
55059,0
55061,0.0216
55063,0.0088
55065,0.0031
55067,0.0112
55069,0.0034
55071,0.0225
55073,0.0078
55075,0.0136
55077,0.0047
55078,0.1222
55079,0.0018
55081,0.0008
55083,0.0195
55085,0.0015
55087,0.0082
55089,0.132
55091,0.0037
55093,0.0026
55095,0.0123
55097,0.0063
55099,0
55101,0.0209
55103,0.0004
55105,0.0046
55107,0.0084
55109,0.0209
55111,0.0024
55113,0
55115,0.0172
55117,0.0626
55119,0.0211
55121,0.0002
55123,0.0086
55125,0.0053
55127,0.0258
55129,0.0039
55131,0.1761
55133,0.1532
55135,0.0153
55137,0.0258
55139,0.0012
55141,0.0053
56001,0.574
56003,0.25
56005,0.4445
56007,0.1837
56009,0.36
56011,0.25
56013,0.25
56015,0.16
56017,0.25
56019,0.25
56021,0.4482
56023,0.25
56025,0.2244
56027,1
56029,0.3787
56031,0.4445
56033,0.25
56035,0.5625
56037,0.2976
56039,0.36
56041,0.3087
56043,0.1111
56045,0.25
